count,Name,SpeciesID,BEST,DEFAULT,MAX,B2D,D2M,B2M,RESULT
0,七夕青鳥,altaria,40-15-15-15,40-15-15-15,40-15-15-15,0%,0%,0%,40-15-15-15
1,三合一磁怪,magneton,40-15-15-15,40-15-15-15,40-15-15-15,0%,0%,0%,40-15-15-15
2,三合一磁怪 暗影化,magneton_shadow,40-15-15-15,40-15-15-15,40-15-15-15,0%,0%,0%,40-15-15-15
3,三地鼠,dugtrio,40-15-15-15,40-15-15-15,40-15-15-15,0%,0%,0%,40-15-15-15
4,三地鼠 暗影化,dugtrio_shadow,40-15-15-15,40-15-15-15,40-15-15-15,0%,0%,0%,40-15-15-15
5,三地鼠 阿羅拉型態,dugtrio_alolan,40-15-15-15,40-15-15-15,40-15-15-15,0%,0%,0%,40-15-15-15
6,三蜜蜂,combee,40-15-15-15,40-15-15-15,40-15-15-15,0%,0%,0%,40-15-15-15
7,三首惡龍,hydreigon,25.5-0-15-15,25-6-15-11,24-15-15-15,3%,0%,3%,25.5-0-15-15
8,不良蛙,croagunk,40-15-15-15,40-15-15-15,40-15-15-15,0%,0%,0%,40-15-15-15
9,九尾,ninetales,40-15-15-15,40-15-15-15,40-15-15-15,0%,0%,0%,40-15-15-15
10,九尾 暗影化,ninetales_shadow,40-15-15-15,40-15-15-15,40-15-15-15,0%,0%,0%,40-15-15-15
11,九尾 阿羅拉型態,ninetales_alolan,40-15-15-15,40-15-15-15,40-15-15-15,0%,0%,0%,40-15-15-15
12,亞克諾姆,azelf,28.5-3-15-14,28.5-5-14-10,27-15-15-15,0%,0%,0%,27-15-15-15
13,人造細胞卵,reuniclus,34.5-0-13-14,34-5-12-7,29.5-15-15-15,-32%,-20%,-32%,29.5-15-15-15
14,代拉基翁,terrakion,25-1-15-13,25-7-9-10,23.5-15-15-15,-5%,5%,-5%,25-7-9-10
15,代歐奇希斯,deoxys,28-11-15-15,29-10-11-10,27.5-15-15-15,0%,0%,0%,27.5-15-15-15
16,代歐奇希斯 攻擊型,deoxys_attack,38.5-12-15-14,39-13-13-15,37.5-15-15-15,0%,0%,0%,37.5-15-15-15
17,代歐奇希斯 速度型,deoxys_speed,32-10-15-15,33-10-14-10,30.5-15-15-15,-12%,-13%,-12%,30.5-15-15-15
18,代歐奇希斯 防禦型,deoxys_defense,40-15-15-15,40-15-15-15,40-15-15-15,0%,0%,0%,40-15-15-15
19,伊布,eevee,40-15-15-15,40-15-15-15,40-15-15-15,0%,0%,0%,40-15-15-15
20,佛烈托斯,forretress,40-15-15-15,40-15-15-15,40-15-15-15,0%,0%,0%,40-15-15-15
21,佛烈托斯 暗影化,forretress_shadow,40-15-15-15,40-15-15-15,40-15-15-15,0%,0%,0%,40-15-15-15
22,保母曼波,alomomola,40-15-15-15,40-15-15-15,40-15-15-15,0%,0%,0%,40-15-15-15
23,保母蟲,leavanny,40-8-15-15,38.5-12-14-15,37.5-15-15-15,0%,1%,0%,38.5-12-14-15
24,信使鳥,delibird,40-15-15-15,40-15-15-15,40-15-15-15,0%,0%,0%,40-15-15-15
25,信使鳥 暗影化,delibird_shadow,40-15-15-15,40-15-15-15,40-15-15-15,0%,0%,0%,40-15-15-15
26,修建老匠,conkeldurr,28-0-15-12,27.5-7-9-14,26-15-15-15,5%,1%,5%,28-0-15-12
27,倫琴貓,luxray,34.5-0-15-15,31.5-12-15-14,30.5-15-15-15,-11%,-9%,-11%,30.5-15-15-15
28,傑尼龜,squirtle,40-15-15-15,40-15-15-15,40-15-15-15,0%,0%,0%,40-15-15-15
29,傑尼龜 暗影化,squirtle_shadow,40-15-15-15,40-15-15-15,40-15-15-15,0%,0%,0%,40-15-15-15
30,催眠貘,drowzee,40-15-15-15,40-15-15-15,40-15-15-15,0%,0%,0%,40-15-15-15
31,催眠貘 暗影化,drowzee_shadow,40-15-15-15,40-15-15-15,40-15-15-15,0%,0%,0%,40-15-15-15
32,傲骨燕,taillow,40-15-15-15,40-15-15-15,40-15-15-15,0%,0%,0%,40-15-15-15
33,優雅貓,delcatty,40-15-15-15,40-15-15-15,40-15-15-15,0%,0%,0%,40-15-15-15
34,克雷色利亞,cresselia,37-1-15-13,35-7-13-11,31-15-15-15,0%,-15%,0%,31-15-15-15
35,六尾,vulpix,40-15-15-15,40-15-15-15,40-15-15-15,0%,0%,0%,40-15-15-15
36,六尾 暗影化,vulpix_shadow,40-15-15-15,40-15-15-15,40-15-15-15,0%,0%,0%,40-15-15-15
37,六尾 阿羅拉型態,vulpix_alolan,40-15-15-15,40-15-15-15,40-15-15-15,0%,0%,0%,40-15-15-15
38,冰伊布,glaceon,30-0-15-12,29.5-5-12-12,27.5-15-15-15,-11%,-2%,-11%,27.5-15-15-15
39,冰鬼護,glalie,40-15-15-15,40-15-15-15,40-15-15-15,0%,0%,0%,40-15-15-15
40,冷水猴,panpour,40-15-15-15,40-15-15-15,40-15-15-15,0%,0%,0%,40-15-15-15
41,冷水猿,simipour,40-15-15-15,40-15-15-15,40-15-15-15,0%,0%,0%,40-15-15-15
42,凍原熊,beartic,31.5-0-15-13,30-5-13-14,28.5-15-15-15,-15%,-12%,-15%,28.5-15-15-15
43,凱羅斯,pinsir,33-0-14-15,32.5-6-8-14,29.5-15-15-15,-11%,-20%,-11%,29.5-15-15-15
44,凱羅斯 暗影化,pinsir_shadow,33-0-14-15,32.5-6-8-14,29.5-15-15-15,-37%,-36%,-37%,29.5-15-15-15
45,凱西,abra,40-15-15-15,40-15-15-15,40-15-15-15,0%,0%,0%,40-15-15-15
46,凱西 暗影化,abra_shadow,40-15-15-15,40-15-15-15,40-15-15-15,0%,0%,0%,40-15-15-15
47,凱路迪歐 平常型態,keldeo_ordinary,25-0-15-15,25-7-9-10,23.5-15-15-15,-12%,12%,-12%,25-7-9-10
48,凱路迪歐 覺悟型態,keldeo_resolute,25-0-15-15,25-7-9-10,23.5-15-15-15,-12%,12%,-12%,25-7-9-10
49,利歐路,riolu,40-15-15-15,40-15-15-15,40-15-15-15,0%,0%,0%,40-15-15-15
50,利牙魚,carvanha,40-15-15-15,40-15-15-15,40-15-15-15,0%,0%,0%,40-15-15-15
51,利牙魚 暗影化,carvanha_shadow,40-15-15-15,40-15-15-15,40-15-15-15,0%,0%,0%,40-15-15-15
52,刺尾蟲,wurmple,40-15-15-15,40-15-15-15,40-15-15-15,0%,0%,0%,40-15-15-15
53,刺球仙人掌,cacnea,40-15-15-15,40-15-15-15,40-15-15-15,0%,0%,0%,40-15-15-15
54,刺球仙人掌 暗影化,cacnea_shadow,40-15-15-15,40-15-15-15,40-15-15-15,0%,0%,0%,40-15-15-15
55,刺甲貝,cloyster,40-11-15-15,39.5-13-15-13,38.5-15-15-15,-14%,-15%,-14%,38.5-15-15-15
56,刺甲貝 暗影化,cloyster_shadow,40-11-15-15,39.5-13-15-13,38.5-15-15-15,3%,0%,3%,40-11-15-15
57,刺龍王,kingdra,40-4-15-14,36.5-15-14-14,36-15-15-15,2%,17%,2%,40-4-15-14
58,劈斬司令,bisharp,35.5-0-15-15,36-5-6-13,31.5-15-15-15,-14%,-11%,-14%,31.5-15-15-15
59,力壯雞,combusken,40-15-15-15,40-15-15-15,40-15-15-15,0%,0%,0%,40-15-15-15
60,功夫鼬,mienfoo,40-15-15-15,40-15-15-15,40-15-15-15,0%,0%,0%,40-15-15-15
61,勇基拉,kadabra,40-15-15-15,40-15-15-15,40-15-15-15,0%,0%,0%,40-15-15-15
62,勇基拉 暗影化,kadabra_shadow,40-15-15-15,40-15-15-15,40-15-15-15,0%,0%,0%,40-15-15-15
63,勇士雄鷹,braviary,30.5-0-14-15,30-7-11-9,28-15-15-15,9%,0%,9%,30.5-0-14-15
64,勒克貓,luxio,40-15-15-15,40-15-15-15,40-15-15-15,0%,0%,0%,40-15-15-15
65,勾帕路翁,cobalion,32.5-1-15-12,30-8-14-14,28.5-15-15-15,-32%,-14%,-32%,28.5-15-15-15
66,勾魂眼,sableye,40-15-15-15,40-15-15-15,40-15-15-15,0%,0%,0%,40-15-15-15
67,勾魂眼 暗影化,sableye_shadow,40-15-15-15,40-15-15-15,40-15-15-15,0%,0%,0%,40-15-15-15
68,化石盔,kabuto,40-15-15-15,40-15-15-15,40-15-15-15,0%,0%,0%,40-15-15-15
69,化石翼龍,aerodactyl,37.5-0-13-15,36.5-5-11-13,32.5-15-15-15,0%,1%,0%,36.5-5-11-13
70,化石翼龍 暗影化,aerodactyl_shadow,37.5-0-13-15,36.5-5-11-13,32.5-15-15-15,0%,0%,0%,32.5-15-15-15
71,千針魚,qwilfish,40-15-15-15,40-15-15-15,40-15-15-15,0%,0%,0%,40-15-15-15
72,卡咪龜,wartortle,40-15-15-15,40-15-15-15,40-15-15-15,0%,0%,0%,40-15-15-15
73,卡咪龜 暗影化,wartortle_shadow,40-15-15-15,40-15-15-15,40-15-15-15,0%,0%,0%,40-15-15-15
74,卡拉卡拉,cubone,40-15-15-15,40-15-15-15,40-15-15-15,0%,0%,0%,40-15-15-15
75,卡拉卡拉 暗影化,cubone_shadow,40-15-15-15,40-15-15-15,40-15-15-15,0%,0%,0%,40-15-15-15
76,卡比獸,snorlax,29.5-0-12-15,28.5-8-10-14,27-15-15-15,-9%,-5%,-9%,27-15-15-15
77,卡比獸 暗影化,snorlax_shadow,29.5-0-12-15,28.5-8-10-14,27-15-15-15,2%,-28%,2%,29.5-0-12-15
78,卡蒂狗,growlithe,40-15-15-15,40-15-15-15,40-15-15-15,0%,0%,0%,40-15-15-15
79,卡蒂狗 暗影化,growlithe_shadow,40-15-15-15,40-15-15-15,40-15-15-15,0%,0%,0%,40-15-15-15
80,原蓋海龜,tirtouga,40-15-15-15,40-15-15-15,40-15-15-15,0%,0%,0%,40-15-15-15
81,叉字蝠,crobat,40-3-15-15,37-14-13-13,36-15-15-15,-15%,15%,-15%,37-14-13-13
82,叉字蝠 暗影化,crobat_shadow,40-3-15-15,37-14-13-13,36-15-15-15,1%,0%,1%,40-3-15-15
83,口呆花,weepinbell,40-15-15-15,40-15-15-15,40-15-15-15,0%,0%,0%,40-15-15-15
84,口呆花 暗影化,weepinbell_shadow,40-15-15-15,40-15-15-15,40-15-15-15,0%,0%,0%,40-15-15-15
85,古空棘魚,relicanth,40-13-15-15,40-13-13-15,39-15-15-15,0%,-2%,0%,39-15-15-15
86,可可多拉,aron,40-15-15-15,40-15-15-15,40-15-15-15,0%,0%,0%,40-15-15-15
87,可多拉,lairon,40-15-15-15,40-15-15-15,40-15-15-15,0%,0%,0%,40-15-15-15
88,可達鴨,psyduck,40-15-15-15,40-15-15-15,40-15-15-15,0%,0%,0%,40-15-15-15
89,可達鴨 暗影化,psyduck_shadow,40-15-15-15,40-15-15-15,40-15-15-15,0%,0%,0%,40-15-15-15
90,吉利蛋,chansey,40-15-15-15,40-15-15-15,40-15-15-15,0%,0%,0%,40-15-15-15
91,向尾喵,skitty,40-15-15-15,40-15-15-15,40-15-15-15,0%,0%,0%,40-15-15-15
92,向日種子,sunkern,40-15-15-15,40-15-15-15,40-15-15-15,0%,0%,0%,40-15-15-15
93,向日花怪,sunflora,40-15-15-15,40-15-15-15,40-15-15-15,0%,0%,0%,40-15-15-15
94,君主蛇,serperior,40-15-15-15,40-15-15-15,40-15-15-15,0%,0%,0%,40-15-15-15
95,吞食獸,swalot,40-15-15-15,40-15-15-15,40-15-15-15,0%,0%,0%,40-15-15-15
96,含羞苞,budew,40-15-15-15,40-15-15-15,40-15-15-15,0%,0%,0%,40-15-15-15
97,吼吼鯨,wailmer,40-15-15-15,40-15-15-15,40-15-15-15,0%,0%,0%,40-15-15-15
98,吼爆彈,loudred,40-15-15-15,40-15-15-15,40-15-15-15,0%,0%,0%,40-15-15-15
99,吼鯨王,wailord,40-15-15-15,40-15-15-15,40-15-15-15,0%,0%,0%,40-15-15-15
100,呆呆獸,slowpoke,40-15-15-15,40-15-15-15,40-15-15-15,0%,0%,0%,40-15-15-15
101,呆呆獸 暗影化,slowpoke_shadow,40-15-15-15,40-15-15-15,40-15-15-15,0%,0%,0%,40-15-15-15
102,呆呆王,slowking,40-12-14-15,39.5-12-15-15,38.5-15-15-15,29%,-28%,29%,38.5-15-15-15
103,呆呆王 暗影化,slowking_shadow,40-12-14-15,39.5-12-15-15,38.5-15-15-15,14%,-13%,14%,38.5-15-15-15
104,呆殼獸,slowbro,40-12-14-15,39.5-12-15-15,38.5-15-15-15,1%,0%,1%,40-12-14-15
105,呆殼獸 暗影化,slowbro_shadow,40-12-14-15,39.5-12-15-15,38.5-15-15-15,14%,-13%,14%,38.5-15-15-15
106,呆火駝,numel,40-15-15-15,40-15-15-15,40-15-15-15,0%,0%,0%,40-15-15-15
107,咕咕,hoothoot,40-15-15-15,40-15-15-15,40-15-15-15,0%,0%,0%,40-15-15-15
108,咕咕鴿,tranquill,40-15-15-15,40-15-15-15,40-15-15-15,0%,0%,0%,40-15-15-15
109,咕妞妞,whismur,40-15-15-15,40-15-15-15,40-15-15-15,0%,0%,0%,40-15-15-15
110,咩利羊,mareep,40-15-15-15,40-15-15-15,40-15-15-15,0%,0%,0%,40-15-15-15
111,咩利羊 暗影化,mareep_shadow,40-15-15-15,40-15-15-15,40-15-15-15,0%,0%,0%,40-15-15-15
112,哈克龍,dragonair,40-15-15-15,40-15-15-15,40-15-15-15,0%,0%,0%,40-15-15-15
113,哈克龍 暗影化,dragonair_shadow,40-15-15-15,40-15-15-15,40-15-15-15,0%,0%,0%,40-15-15-15
114,哈約克,herdier,40-15-15-15,40-15-15-15,40-15-15-15,0%,0%,0%,40-15-15-15
115,哎呀球菇,foongus,40-15-15-15,40-15-15-15,40-15-15-15,0%,0%,0%,40-15-15-15
116,哥德寶寶,gothita,40-15-15-15,40-15-15-15,40-15-15-15,0%,0%,0%,40-15-15-15
117,哥德小姐,gothitelle,40-15-15-15,40-15-15-15,40-15-15-15,0%,0%,0%,40-15-15-15
118,哥德小童,gothorita,40-15-15-15,40-15-15-15,40-15-15-15,0%,0%,0%,40-15-15-15
119,哥達鴨,golduck,40-15-15-15,40-15-15-15,40-15-15-15,0%,0%,0%,40-15-15-15
120,哥達鴨 暗影化,golduck_shadow,40-15-15-15,40-15-15-15,40-15-15-15,0%,0%,0%,40-15-15-15
121,哭哭面具,yamask,40-15-15-15,40-15-15-15,40-15-15-15,0%,0%,0%,40-15-15-15
122,哭哭面具 伽勒爾型態,yamask_galarian,40-15-15-15,40-15-15-15,40-15-15-15,0%,0%,0%,40-15-15-15
123,喇叭芽,bellsprout,40-15-15-15,40-15-15-15,40-15-15-15,0%,0%,0%,40-15-15-15
124,喇叭芽 暗影化,bellsprout_shadow,40-15-15-15,40-15-15-15,40-15-15-15,0%,0%,0%,40-15-15-15
125,單卵細胞球,solosis,40-15-15-15,40-15-15-15,40-15-15-15,0%,0%,0%,40-15-15-15
126,單首龍,deino,40-15-15-15,40-15-15-15,40-15-15-15,0%,0%,0%,40-15-15-15
127,喵喵,meowth,40-15-15-15,40-15-15-15,40-15-15-15,0%,0%,0%,40-15-15-15
128,喵喵 伽勒爾型態,meowth_galarian,40-15-15-15,40-15-15-15,40-15-15-15,0%,0%,0%,40-15-15-15
129,喵喵 暗影化,meowth_shadow,40-15-15-15,40-15-15-15,40-15-15-15,0%,0%,0%,40-15-15-15
130,喵喵 阿羅拉型態,meowth_alolan,40-15-15-15,40-15-15-15,40-15-15-15,0%,0%,0%,40-15-15-15
131,喵頭目,perrserker,40-15-15-15,40-15-15-15,40-15-15-15,0%,0%,0%,40-15-15-15
132,嘎啦嘎啦,marowak,40-15-15-15,40-15-15-15,40-15-15-15,0%,0%,0%,40-15-15-15
133,嘎啦嘎啦 暗影化,marowak_shadow,40-15-15-15,40-15-15-15,40-15-15-15,0%,0%,0%,40-15-15-15
134,嘎啦嘎啦 阿羅拉型態,marowak_alolan,40-15-15-15,40-15-15-15,40-15-15-15,0%,0%,0%,40-15-15-15
135,嘟嘟,doduo,40-15-15-15,40-15-15-15,40-15-15-15,0%,0%,0%,40-15-15-15
136,嘟嘟利,dodrio,40-15-15-15,40-15-15-15,40-15-15-15,0%,0%,0%,40-15-15-15
137,噗噗豬,grumpig,40-15-15-15,40-15-15-15,40-15-15-15,0%,0%,0%,40-15-15-15
138,噴嚏熊,cubchoo,40-15-15-15,40-15-15-15,40-15-15-15,0%,0%,0%,40-15-15-15
139,噴火駝,camerupt,40-15-15-15,40-15-15-15,40-15-15-15,0%,0%,0%,40-15-15-15
140,噴火龍,charizard,35-0-13-15,35-5-13-6,30.5-15-15-15,-3%,-3%,-3%,30.5-15-15-15
141,噴火龍 (Mega X),charizard_mega_x,24-1-15-13,24-7-12-7,22.5-15-15-15,2%,0%,2%,24-1-15-13
142,噴火龍 (Mega Y),charizard_mega_y,20.5-1-15-15,20-6-14-15,19.5-15-15-15,-23%,-22%,-23%,19.5-15-15-15
143,噴火龍 暗影化,charizard_shadow,35-0-13-15,35-5-13-6,30.5-15-15-15,4%,0%,4%,35-0-13-15
144,四季鹿,deerling,40-15-15-15,40-15-15-15,40-15-15-15,0%,0%,0%,40-15-15-15
145,固拉多,groudon,22.5-1-14-13,22.5-5-14-6,21-15-15-15,-29%,-29%,-29%,21-15-15-15
146,圈圈熊,ursaring,33.5-0-15-13,32-5-15-12,29.5-15-15-15,-64%,-64%,-64%,29.5-15-15-15
147,圈圈熊 暗影化,ursaring_shadow,33.5-0-15-13,32-5-15-12,29.5-15-15-15,-54%,-50%,-54%,29.5-15-15-15
148,圓法師,kricketot,40-15-15-15,40-15-15-15,40-15-15-15,0%,0%,0%,40-15-15-15
149,圓絲蛛,spinarak,40-15-15-15,40-15-15-15,40-15-15-15,0%,0%,0%,40-15-15-15
150,圓蝌蚪,tympole,40-15-15-15,40-15-15-15,40-15-15-15,0%,0%,0%,40-15-15-15
151,圓陸鯊,gible,40-15-15-15,40-15-15-15,40-15-15-15,0%,0%,0%,40-15-15-15
152,圖圖犬,smeargle,40-15-15-15,40-15-15-15,40-15-15-15,0%,0%,0%,40-15-15-15
153,土台龜,torterra,34-0-15-15,33-6-10-14,29.5-15-15-15,1%,1%,1%,34-0-15-15
154,土台龜 暗影化,torterra_shadow,34-0-15-15,33-6-10-14,29.5-15-15-15,0%,2%,0%,33-6-10-14
155,土地雲 化身型態,landorus_incarnate,26-1-11-14,25-10-15-11,24-15-15-15,-22%,21%,-22%,25-10-15-11
156,土地雲 靈獸型態,landorus_therian,23.5-1-13-15,23.5-7-8-12,22-15-15-15,-12%,11%,-12%,23.5-7-8-12
157,土居忍士,nincada,40-15-15-15,40-15-15-15,40-15-15-15,0%,0%,0%,40-15-15-15
158,土狼犬,poochyena,40-15-15-15,40-15-15-15,40-15-15-15,0%,0%,0%,40-15-15-15
159,土龍弟弟,dunsparce,40-15-15-15,40-15-15-15,40-15-15-15,0%,0%,0%,40-15-15-15
160,地幔岩,boldore,40-15-15-15,40-15-15-15,40-15-15-15,0%,0%,0%,40-15-15-15
161,地鼠,diglett,40-15-15-15,40-15-15-15,40-15-15-15,0%,0%,0%,40-15-15-15
162,地鼠 暗影化,diglett_shadow,40-15-15-15,40-15-15-15,40-15-15-15,0%,0%,0%,40-15-15-15
163,地鼠 阿羅拉型態,diglett_alolan,40-15-15-15,40-15-15-15,40-15-15-15,0%,0%,0%,40-15-15-15
164,坦克臭鼬,skuntank,40-15-15-15,40-15-15-15,40-15-15-15,0%,0%,0%,40-15-15-15
165,坦克臭鼬 暗影化,skuntank_shadow,40-15-15-15,40-15-15-15,40-15-15-15,0%,0%,0%,40-15-15-15
166,基拉祈,jirachi,27.5-10-13-15,27.5-10-15-10,26.5-15-15-15,0%,0%,0%,26.5-15-15-15
167,堅果啞鈴,ferrothorn,40-15-15-15,40-15-15-15,40-15-15-15,0%,0%,0%,40-15-15-15
168,堵攔熊,obstagoon,40-4-14-15,36-14-15-15,35.5-15-15-15,0%,0%,0%,35.5-15-15-15
169,墨海馬,horsea,40-15-15-15,40-15-15-15,40-15-15-15,0%,0%,0%,40-15-15-15
170,壺壺,shuckle,40-15-15-15,40-15-15-15,40-15-15-15,0%,0%,0%,40-15-15-15
171,壺壺 暗影化,shuckle_shadow,40-15-15-15,40-15-15-15,40-15-15-15,0%,0%,0%,40-15-15-15
172,多刺菊石獸,omastar,37.5-0-14-15,34.5-9-15-15,32.5-15-15-15,-20%,-18%,-20%,32.5-15-15-15
173,多刺菊石獸 暗影化,omastar_shadow,37.5-0-14-15,34.5-9-15-15,32.5-15-15-15,-49%,-48%,-49%,32.5-15-15-15
174,多多冰,vanillish,40-15-15-15,40-15-15-15,40-15-15-15,0%,0%,0%,40-15-15-15
175,多邊獸,porygon,40-15-15-15,40-15-15-15,40-15-15-15,0%,0%,0%,40-15-15-15
176,多邊獸 暗影化,porygon_shadow,40-15-15-15,40-15-15-15,40-15-15-15,0%,0%,0%,40-15-15-15
177,多邊獸Ⅱ,porygon2,39-1-15-15,38-5-13-13,34.5-15-15-15,2%,2%,2%,39-1-15-15
178,多邊獸Ⅱ 暗影化,porygon2_shadow,39-1-15-15,38-5-13-13,34.5-15-15-15,-40%,-39%,-40%,34.5-15-15-15
179,多邊獸Ｚ,porygon_z,28.5-0-13-14,28-6-11-14,26.5-15-15-15,-7%,1%,-7%,28-6-11-14
180,多邊獸Ｚ 暗影化,porygon_z_shadow,28.5-0-13-14,28-6-11-14,26.5-15-15-15,-58%,-55%,-58%,26.5-15-15-15
181,夜巡靈,duskull,40-15-15-15,40-15-15-15,40-15-15-15,0%,0%,0%,40-15-15-15
182,夜巡靈 暗影化,duskull_shadow,40-15-15-15,40-15-15-15,40-15-15-15,0%,0%,0%,40-15-15-15
183,夢夢蝕,musharna,39.5-0-15-15,38-6-15-8,34-15-15-15,1%,-10%,1%,39.5-0-15-15
184,夢妖,misdreavus,40-15-15-15,40-15-15-15,40-15-15-15,0%,0%,0%,40-15-15-15
185,夢妖 暗影化,misdreavus_shadow,40-15-15-15,40-15-15-15,40-15-15-15,0%,0%,0%,40-15-15-15
186,夢妖魔,mismagius,40-5-15-15,37.5-12-15-15,36.5-15-15-15,-9%,-8%,-9%,36.5-15-15-15
187,夢妖魔 暗影化,mismagius_shadow,40-5-15-15,37.5-12-15-15,36.5-15-15-15,0%,0%,0%,36.5-15-15-15
188,夢幻,mew,27.5-10-13-15,27.5-10-15-10,26.5-15-15-15,0%,-18%,0%,26.5-15-15-15
189,夢歌仙人掌,cacturne,40-15-15-15,40-15-15-15,40-15-15-15,0%,0%,0%,40-15-15-15
190,夢歌仙人掌 暗影化,cacturne_shadow,40-15-15-15,40-15-15-15,40-15-15-15,0%,0%,0%,40-15-15-15
191,大劍鬼,samurott,36-1-15-15,35.5-5-12-12,31.5-15-15-15,2%,2%,2%,36-1-15-15
192,大力鱷,feraligatr,35.5-1-15-14,34.5-6-15-10,31-15-15-15,3%,0%,3%,35.5-1-15-14
193,大嘴娃,mawile,40-15-15-15,40-15-15-15,40-15-15-15,0%,0%,0%,40-15-15-15
194,大嘴娃 暗影化,mawile_shadow,40-15-15-15,40-15-15-15,40-15-15-15,0%,0%,0%,40-15-15-15
195,大嘴蝠,golbat,40-15-15-15,40-15-15-15,40-15-15-15,0%,0%,0%,40-15-15-15
196,大嘴蝠 暗影化,golbat_shadow,40-15-15-15,40-15-15-15,40-15-15-15,0%,0%,0%,40-15-15-15
197,大嘴雀,fearow,40-15-15-15,40-15-15-15,40-15-15-15,0%,0%,0%,40-15-15-15
198,大嘴鷗,pelipper,40-15-15-15,40-15-15-15,40-15-15-15,0%,0%,0%,40-15-15-15
199,大奶罐,miltank,40-15-15-15,40-15-15-15,40-15-15-15,0%,0%,0%,40-15-15-15
200,大宇怪,beheeyem,37.5-1-15-15,37-6-13-11,33.5-15-15-15,-18%,-9%,-18%,33.5-15-15-15
201,大尾狸,bibarel,40-15-15-15,40-15-15-15,40-15-15-15,0%,0%,0%,40-15-15-15
202,大尾立,furret,40-15-15-15,40-15-15-15,40-15-15-15,0%,0%,0%,40-15-15-15
203,大岩蛇,onix,40-15-15-15,40-15-15-15,40-15-15-15,0%,0%,0%,40-15-15-15
204,大朝北鼻,probopass,40-15-15-15,40-15-15-15,40-15-15-15,0%,0%,0%,40-15-15-15
205,大比鳥,pidgeot,40-15-15-15,40-15-15-15,40-15-15-15,0%,0%,0%,40-15-15-15
206,大比鳥 (Mega),pidgeot_mega,25-0-15-15,24.5-6-13-14,23.5-15-15-15,0%,0%,0%,23.5-15-15-15
207,大牙狸,bidoof,40-15-15-15,40-15-15-15,40-15-15-15,0%,0%,0%,40-15-15-15
208,大狼犬,mightyena,40-15-15-15,40-15-15-15,40-15-15-15,0%,0%,0%,40-15-15-15
209,大王燕,swellow,40-15-15-15,40-15-15-15,40-15-15-15,0%,0%,0%,40-15-15-15
210,大竺葵,meganium,40-15-15-15,40-15-15-15,40-15-15-15,0%,0%,0%,40-15-15-15
211,大舌舔,lickilicky,40-15-15-15,40-15-15-15,40-15-15-15,0%,0%,0%,40-15-15-15
212,大舌貝,shellder,40-15-15-15,40-15-15-15,40-15-15-15,0%,0%,0%,40-15-15-15
213,大舌貝 暗影化,shellder_shadow,40-15-15-15,40-15-15-15,40-15-15-15,0%,0%,0%,40-15-15-15
214,大舌頭,lickitung,40-15-15-15,40-15-15-15,40-15-15-15,0%,0%,0%,40-15-15-15
215,大蔥鴨,farfetchd,40-15-15-15,40-15-15-15,40-15-15-15,0%,0%,0%,40-15-15-15
216,大蔥鴨 伽勒爾型態,farfetchd_galarian,40-15-15-15,40-15-15-15,40-15-15-15,0%,0%,0%,40-15-15-15
217,大針蜂,beedrill,40-15-15-15,40-15-15-15,40-15-15-15,0%,0%,0%,40-15-15-15
218,大針蜂 (Mega),beedrill_mega,27-1-15-15,27-8-15-7,25.5-15-15-15,-22%,22%,-22%,27-8-15-7
219,大針蜂 暗影化,beedrill_shadow,40-15-15-15,40-15-15-15,40-15-15-15,0%,0%,0%,40-15-15-15
220,大鉗蟹,krabby,40-15-15-15,40-15-15-15,40-15-15-15,0%,0%,0%,40-15-15-15
221,大鋼蛇,steelix,40-15-15-15,40-15-15-15,40-15-15-15,0%,0%,0%,40-15-15-15
222,大顎蟻,trapinch,40-15-15-15,40-15-15-15,40-15-15-15,0%,0%,0%,40-15-15-15
223,大顎蟻 暗影化,trapinch_shadow,40-15-15-15,40-15-15-15,40-15-15-15,0%,0%,0%,40-15-15-15
224,大食花,victreebel,40-15-15-15,40-15-15-15,40-15-15-15,0%,0%,0%,40-15-15-15
225,大食花 暗影化,victreebel_shadow,40-15-15-15,40-15-15-15,40-15-15-15,0%,0%,0%,40-15-15-15
226,天然雀,natu,40-15-15-15,40-15-15-15,40-15-15-15,0%,0%,0%,40-15-15-15
227,天然鳥,xatu,40-15-15-15,40-15-15-15,40-15-15-15,0%,0%,0%,40-15-15-15
228,天秤偶,baltoy,40-15-15-15,40-15-15-15,40-15-15-15,0%,0%,0%,40-15-15-15
229,天蠍,gligar,40-15-15-15,40-15-15-15,40-15-15-15,0%,0%,0%,40-15-15-15
230,天蠍 暗影化,gligar_shadow,40-15-15-15,40-15-15-15,40-15-15-15,0%,0%,0%,40-15-15-15
231,天蠍王,gliscor,40-1-15-14,39.5-5-11-11,35-15-15-15,14%,0%,14%,40-1-15-14
232,天蠍王 暗影化,gliscor_shadow,40-1-15-14,39.5-5-11-11,35-15-15-15,-7%,-5%,-7%,35-15-15-15
233,太古盔甲,armaldo,35-2-15-15,36-5-7-12,31-15-15-15,1%,2%,1%,35-2-15-15
234,太古羽蟲,anorith,40-15-15-15,40-15-15-15,40-15-15-15,0%,0%,0%,40-15-15-15
235,太陽伊布,espeon,29-1-15-15,28.5-5-14-14,27.5-15-15-15,0%,0%,0%,27.5-15-15-15
236,太陽岩,solrock,40-15-15-15,40-15-15-15,40-15-15-15,0%,0%,0%,40-15-15-15
237,太陽珊瑚,corsola,40-15-15-15,40-15-15-15,40-15-15-15,0%,0%,0%,40-15-15-15
238,奇諾栗鼠,cinccino,40-15-15-15,40-15-15-15,40-15-15-15,0%,0%,0%,40-15-15-15
239,奇魯莉安,kirlia,40-15-15-15,40-15-15-15,40-15-15-15,0%,0%,0%,40-15-15-15
240,奇魯莉安 暗影化,kirlia_shadow,40-15-15-15,40-15-15-15,40-15-15-15,0%,0%,0%,40-15-15-15
241,妙蛙種子,bulbasaur,40-15-15-15,40-15-15-15,40-15-15-15,0%,0%,0%,40-15-15-15
242,妙蛙種子 暗影化,bulbasaur_shadow,40-15-15-15,40-15-15-15,40-15-15-15,0%,0%,0%,40-15-15-15
243,妙蛙花,venusaur,39-1-15-14,39-5-9-12,34-15-15-15,-28%,-25%,-28%,34-15-15-15
244,妙蛙花 (Mega),venusaur_mega,25.5-0-15-9,24.5-6-12-15,23.5-15-15-15,-19%,-16%,-19%,23.5-15-15-15
245,妙蛙花 暗影化,venusaur_shadow,39-1-15-14,39-5-9-12,34-15-15-15,1%,1%,1%,39-1-15-14
246,妙蛙草,ivysaur,40-15-15-15,40-15-15-15,40-15-15-15,0%,0%,0%,40-15-15-15
247,妙蛙草 暗影化,ivysaur_shadow,40-15-15-15,40-15-15-15,40-15-15-15,0%,0%,0%,40-15-15-15
248,姆克兒,starly,40-15-15-15,40-15-15-15,40-15-15-15,0%,0%,0%,40-15-15-15
249,姆克鳥,staravia,40-15-15-15,40-15-15-15,40-15-15-15,0%,0%,0%,40-15-15-15
250,姆克鷹,staraptor,35.5-2-15-14,34-7-14-15,31.5-15-15-15,17%,0%,17%,31.5-15-15-15
251,始祖大鳥,archeops,27.5-1-15-15,27-6-15-13,26-15-15-15,-43%,-42%,-43%,26-15-15-15
252,始祖小鳥,archen,40-15-15-15,40-15-15-15,40-15-15-15,0%,0%,0%,40-15-15-15
253,安瓢蟲,ledian,40-15-15-15,40-15-15-15,40-15-15-15,0%,0%,0%,40-15-15-15
254,寶包繭,swadloon,40-15-15-15,40-15-15-15,40-15-15-15,0%,0%,0%,40-15-15-15
255,寶寶丁,igglybuff,40-15-15-15,40-15-15-15,40-15-15-15,0%,0%,0%,40-15-15-15
256,寶石海星,starmie,40-7-15-15,39.5-12-13-12,37.5-15-15-15,-15%,15%,-15%,39.5-12-13-12
257,寶貝龍,bagon,40-15-15-15,40-15-15-15,40-15-15-15,0%,0%,0%,40-15-15-15
258,寶貝龍 暗影化,bagon_shadow,40-15-15-15,40-15-15-15,40-15-15-15,0%,0%,0%,40-15-15-15
259,小卡比獸,munchlax,40-15-15-15,40-15-15-15,40-15-15-15,0%,0%,0%,40-15-15-15
260,小嘴蝸,shelmet,40-15-15-15,40-15-15-15,40-15-15-15,0%,0%,0%,40-15-15-15
261,小小象,phanpy,40-15-15-15,40-15-15-15,40-15-15-15,0%,0%,0%,40-15-15-15
262,小山豬,swinub,40-15-15-15,40-15-15-15,40-15-15-15,0%,0%,0%,40-15-15-15
263,小拉達,rattata,40-15-15-15,40-15-15-15,40-15-15-15,0%,0%,0%,40-15-15-15
264,小拉達 暗影化,rattata_shadow,40-15-15-15,40-15-15-15,40-15-15-15,0%,0%,0%,40-15-15-15
265,小拉達 阿羅拉型態,rattata_alolan,40-15-15-15,40-15-15-15,40-15-15-15,0%,0%,0%,40-15-15-15
266,小拳石,geodude,40-15-15-15,40-15-15-15,40-15-15-15,0%,0%,0%,40-15-15-15
267,小拳石 阿羅拉型態,geodude_alolan,40-15-15-15,40-15-15-15,40-15-15-15,0%,0%,0%,40-15-15-15
268,小果然,wynaut,40-15-15-15,40-15-15-15,40-15-15-15,0%,0%,0%,40-15-15-15
269,小海獅,seel,40-15-15-15,40-15-15-15,40-15-15-15,0%,0%,0%,40-15-15-15
270,小火焰猴,chimchar,40-15-15-15,40-15-15-15,40-15-15-15,0%,0%,0%,40-15-15-15
271,小火馬,ponyta,40-15-15-15,40-15-15-15,40-15-15-15,0%,0%,0%,40-15-15-15
272,小火馬 伽勒爾型態,ponyta_galarian,40-15-15-15,40-15-15-15,40-15-15-15,0%,0%,0%,40-15-15-15
273,小火龍,charmander,40-15-15-15,40-15-15-15,40-15-15-15,0%,0%,0%,40-15-15-15
274,小火龍 暗影化,charmander_shadow,40-15-15-15,40-15-15-15,40-15-15-15,0%,0%,0%,40-15-15-15
275,小灰怪,elgyem,40-15-15-15,40-15-15-15,40-15-15-15,0%,0%,0%,40-15-15-15
276,小球飛魚,mantyke,40-15-15-15,40-15-15-15,40-15-15-15,0%,0%,0%,40-15-15-15
277,小磁怪,magnemite,40-15-15-15,40-15-15-15,40-15-15-15,0%,0%,0%,40-15-15-15
278,小磁怪 暗影化,magnemite_shadow,40-15-15-15,40-15-15-15,40-15-15-15,0%,0%,0%,40-15-15-15
279,小福蛋,happiny,40-15-15-15,40-15-15-15,40-15-15-15,0%,0%,0%,40-15-15-15
280,小約克,lillipup,40-15-15-15,40-15-15-15,40-15-15-15,0%,0%,0%,40-15-15-15
281,小貓怪,shinx,40-15-15-15,40-15-15-15,40-15-15-15,0%,0%,0%,40-15-15-15
282,小鋸鱷,totodile,40-15-15-15,40-15-15-15,40-15-15-15,0%,0%,0%,40-15-15-15
283,尖牙籠,carnivine,40-15-15-15,40-15-15-15,40-15-15-15,0%,0%,0%,40-15-15-15
284,尖牙陸鯊,gabite,40-15-15-15,40-15-15-15,40-15-15-15,0%,0%,0%,40-15-15-15
285,尼多力諾,nidorino,40-15-15-15,40-15-15-15,40-15-15-15,0%,0%,0%,40-15-15-15
286,尼多力諾 暗影化,nidorino_shadow,40-15-15-15,40-15-15-15,40-15-15-15,0%,0%,0%,40-15-15-15
287,尼多后,nidoqueen,40-15-15-15,40-15-15-15,40-15-15-15,0%,0%,0%,40-15-15-15
288,尼多后 暗影化,nidoqueen_shadow,40-15-15-15,40-15-15-15,40-15-15-15,0%,0%,0%,40-15-15-15
289,尼多娜,nidorina,40-15-15-15,40-15-15-15,40-15-15-15,0%,0%,0%,40-15-15-15
290,尼多娜 暗影化,nidorina_shadow,40-15-15-15,40-15-15-15,40-15-15-15,0%,0%,0%,40-15-15-15
291,尼多朗,nidoran_male,40-15-15-15,40-15-15-15,40-15-15-15,0%,0%,0%,40-15-15-15
292,尼多朗 暗影化,nidoran_male_shadow,40-15-15-15,40-15-15-15,40-15-15-15,0%,0%,0%,40-15-15-15
293,尼多王,nidoking,40-9-15-15,38.5-15-13-15,38-15-15-15,-54%,54%,-54%,38.5-15-13-15
294,尼多王 暗影化,nidoking_shadow,40-9-15-15,38.5-15-13-15,38-15-15-15,-47%,47%,-47%,38.5-15-13-15
295,尼多蘭,nidoran_female,40-15-15-15,40-15-15-15,40-15-15-15,0%,0%,0%,40-15-15-15
296,尼多蘭 暗影化,nidoran_female_shadow,40-15-15-15,40-15-15-15,40-15-15-15,0%,0%,0%,40-15-15-15
297,尾立,sentret,40-15-15-15,40-15-15-15,40-15-15-15,0%,0%,0%,40-15-15-15
298,岩殿居蟹,crustle,39.5-13-15-15,40-13-13-14,38.5-15-15-15,-36%,36%,-36%,40-13-13-14
299,巨沼怪,swampert,33.5-0-14-13,32-6-11-14,29-15-15-15,-28%,-25%,-28%,29-15-15-15
300,巨沼怪 暗影化,swampert_shadow,33.5-0-14-13,32-6-11-14,29-15-15-15,-3%,-59%,-3%,29-15-15-15
301,巨牙鯊,sharpedo,40-15-15-15,40-15-15-15,40-15-15-15,0%,0%,0%,40-15-15-15
302,巨牙鯊 暗影化,sharpedo_shadow,40-15-15-15,40-15-15-15,40-15-15-15,0%,0%,0%,40-15-15-15
303,巨翅飛魚,mantine,40-15-15-15,40-15-15-15,40-15-15-15,0%,0%,0%,40-15-15-15
304,巨蔓藤,tangrowth,32-0-14-15,31-7-11-11,28.5-15-15-15,-27%,-25%,-27%,28.5-15-15-15
305,巨金怪,metagross,24.5-0-15-13,23.5-11-15-13,23-15-15-15,-31%,-31%,-31%,23-15-15-15
306,巨金怪 暗影化,metagross_shadow,24.5-0-15-13,23.5-11-15-13,23-15-15-15,-15%,-15%,-15%,23-15-15-15
307,巨鉗螳螂,scizor,32-0-15-15,31-6-11-14,29-15-15-15,-10%,-7%,-10%,29-15-15-15
308,巨鉗螳螂 暗影化,scizor_shadow,32-0-15-15,31-6-11-14,29-15-15-15,-33%,-31%,-33%,29-15-15-15
309,巨鉗蟹,kingler,35.5-0-15-15,36-5-7-13,31.5-15-15-15,-14%,0%,-14%,31.5-15-15-15
310,差不多娃娃,audino,40-15-15-15,40-15-15-15,40-15-15-15,0%,0%,0%,40-15-15-15
311,巴大蝶,butterfree,40-15-15-15,40-15-15-15,40-15-15-15,0%,0%,0%,40-15-15-15
312,布魯,snubbull,40-15-15-15,40-15-15-15,40-15-15-15,0%,0%,0%,40-15-15-15
313,布魯皇,granbull,40-10-15-15,39-15-13-15,38.5-15-15-15,-12%,11%,-12%,39-15-13-15
314,帕奇利茲,pachirisu,40-15-15-15,40-15-15-15,40-15-15-15,0%,0%,0%,40-15-15-15
315,帕路奇亞,palkia,23-2-15-14,22.5-8-15-12,21.5-15-15-15,2%,0%,2%,23-2-15-14
316,帝牙海獅,walrein,39.5-0-15-15,39-5-9-12,34-15-15-15,-24%,-22%,-24%,34-15-15-15
317,帝牙盧卡,dialga,23-1-13-12,22.5-5-12-14,21.5-15-15-15,1%,1%,1%,23-1-13-12
318,帝王拿波,empoleon,34.5-1-15-14,33.5-7-14-9,30-15-15-15,3%,0%,3%,34.5-1-15-14
319,師父鼬,mienshao,38.5-0-14-15,37.5-9-12-11,34.5-15-15-15,-10%,10%,-10%,37.5-9-12-11
320,席多藍恩,heatran,24.5-2-15-15,24-8-15-12,23-15-15-15,-4%,0%,-4%,23-15-15-15
321,幕下力士,makuhita,40-15-15-15,40-15-15-15,40-15-15-15,0%,0%,0%,40-15-15-15
322,幸福蛋,blissey,40-2-14-14,38.5-5-13-11,33-15-15-15,-1%,3%,-1%,38.5-5-13-11
323,幼基拉斯,larvitar,40-15-15-15,40-15-15-15,40-15-15-15,0%,0%,0%,40-15-15-15
324,幼基拉斯 暗影化,larvitar_shadow,40-15-15-15,40-15-15-15,40-15-15-15,0%,0%,0%,40-15-15-15
325,幾何雪花,cryogonal,37.5-0-15-15,35-8-12-15,32.5-15-15-15,1%,-14%,1%,37.5-0-15-15
326,引夢貘人,hypno,40-15-15-15,40-15-15-15,40-15-15-15,0%,0%,0%,40-15-15-15
327,引夢貘人 暗影化,hypno_shadow,40-15-15-15,40-15-15-15,40-15-15-15,0%,0%,0%,40-15-15-15
328,彷徨夜靈,dusclops,40-15-15-15,40-15-15-15,40-15-15-15,0%,0%,0%,40-15-15-15
329,彷徨夜靈 暗影化,dusclops_shadow,40-15-15-15,40-15-15-15,40-15-15-15,0%,0%,0%,40-15-15-15
330,心蝙蝠,swoobat,40-15-15-15,40-15-15-15,40-15-15-15,0%,0%,0%,40-15-15-15
331,快拳郎,hitmonchan,40-15-15-15,40-15-15-15,40-15-15-15,0%,0%,0%,40-15-15-15
332,快拳郎 暗影化,hitmonchan_shadow,40-15-15-15,40-15-15-15,40-15-15-15,0%,0%,0%,40-15-15-15
333,快龍,dragonite,24.5-0-13-15,24.5-5-8-11,23-15-15-15,0%,0%,0%,23-15-15-15
334,快龍 暗影化,dragonite_shadow,24.5-0-13-15,24.5-5-8-11,23-15-15-15,0%,0%,0%,23-15-15-15
335,念力土偶,claydol,40-15-15-15,40-15-15-15,40-15-15-15,0%,0%,0%,40-15-15-15
336,急凍鳥,articuno,31.5-1-15-15,31.5-5-15-6,28.5-15-15-15,-8%,-7%,-8%,28.5-15-15-15
337,急凍鳥 暗影化,articuno_shadow,31.5-1-15-15,31.5-5-15-6,28.5-15-15-15,-4%,-22%,-4%,28.5-15-15-15
338,怨影娃娃,shuppet,40-15-15-15,40-15-15-15,40-15-15-15,0%,0%,0%,40-15-15-15
339,怨影娃娃 暗影化,shuppet_shadow,40-15-15-15,40-15-15-15,40-15-15-15,0%,0%,0%,40-15-15-15
340,怪力,machamp,31-0-15-14,30-5-12-14,28.5-15-15-15,-15%,-13%,-15%,28.5-15-15-15
341,怪力 暗影化,machamp_shadow,31-0-15-14,30-5-12-14,28.5-15-15-15,0%,2%,0%,30-5-12-14
342,恰雷姆,medicham,40-15-15-15,40-15-15-15,40-15-15-15,0%,0%,0%,40-15-15-15
343,愛心魚,luvdisc,40-15-15-15,40-15-15-15,40-15-15-15,0%,0%,0%,40-15-15-15
344,懶人獺,slakoth,40-15-15-15,40-15-15-15,40-15-15-15,0%,0%,0%,40-15-15-15
345,戰槌龍,rampardos,28-0-14-15,28-5-12-9,26.5-15-15-15,16%,0%,16%,28-0-14-15
346,戰舞郎,hitmontop,40-15-15-15,40-15-15-15,40-15-15-15,0%,0%,0%,40-15-15-15
347,戴魯比,houndour,40-15-15-15,40-15-15-15,40-15-15-15,0%,0%,0%,40-15-15-15
348,戴魯比 暗影化,houndour_shadow,40-15-15-15,40-15-15-15,40-15-15-15,0%,0%,0%,40-15-15-15
349,扒手貓,purrloin,40-15-15-15,40-15-15-15,40-15-15-15,0%,0%,0%,40-15-15-15
350,打擊鬼,sawk,37.5-0-15-11,37.5-5-8-11,32.5-15-15-15,0%,-37%,0%,32.5-15-15-15
351,投摔鬼,throh,40-10-15-15,39-14-14-14,38-15-15-15,1%,0%,1%,40-10-15-15
352,拉帝亞斯,latias,26.5-1-15-14,26-6-10-15,24.5-15-15-15,0%,2%,0%,26-6-10-15
353,拉帝歐斯,latios,24-2-15-15,24-7-13-9,22.5-15-15-15,-12%,0%,-12%,22.5-15-15-15
354,拉普拉斯,lapras,40-6-15-13,37.5-12-13-15,36-15-15-15,-9%,-6%,-9%,36-15-15-15
355,拉普拉斯 暗影化,lapras_shadow,40-6-15-13,37.5-12-13-15,36-15-15-15,2%,0%,2%,40-6-15-13
356,拉達,raticate,40-15-15-15,40-15-15-15,40-15-15-15,0%,0%,0%,40-15-15-15
357,拉達 暗影化,raticate_shadow,40-15-15-15,40-15-15-15,40-15-15-15,0%,0%,0%,40-15-15-15
358,拉達 阿羅拉型態,raticate_alolan,40-15-15-15,40-15-15-15,40-15-15-15,0%,0%,0%,40-15-15-15
359,拉魯拉絲,ralts,40-15-15-15,40-15-15-15,40-15-15-15,0%,0%,0%,40-15-15-15
360,拉魯拉絲 暗影化,ralts_shadow,40-15-15-15,40-15-15-15,40-15-15-15,0%,0%,0%,40-15-15-15
361,捲捲耳,buneary,40-15-15-15,40-15-15-15,40-15-15-15,0%,0%,0%,40-15-15-15
362,捷克羅姆,zekrom,23-1-13-12,22.5-5-12-14,21.5-15-15-15,0%,0%,0%,21.5-15-15-15
363,探探鼠,patrat,40-15-15-15,40-15-15-15,40-15-15-15,0%,0%,0%,40-15-15-15
364,搖籃百合,cradily,40-15-15-15,40-15-15-15,40-15-15-15,0%,0%,0%,40-15-15-15
365,搬運小匠,timburr,40-15-15-15,40-15-15-15,40-15-15-15,0%,0%,0%,40-15-15-15
366,摩魯蛾,venomoth,40-15-15-15,40-15-15-15,40-15-15-15,0%,0%,0%,40-15-15-15
367,摩魯蛾 暗影化,venomoth_shadow,40-15-15-15,40-15-15-15,40-15-15-15,0%,0%,0%,40-15-15-15
368,敏捷蟲,accelgor,40-15-15-15,40-15-15-15,40-15-15-15,0%,0%,0%,40-15-15-15
369,敗露球菇,amoonguss,40-15-15-15,40-15-15-15,40-15-15-15,0%,0%,0%,40-15-15-15
370,斑斑馬,blitzle,40-15-15-15,40-15-15-15,40-15-15-15,0%,0%,0%,40-15-15-15
371,斗笠菇,breloom,40-2-15-15,37.5-13-13-14,36.5-15-15-15,2%,0%,2%,40-2-15-15
372,斧牙龍,fraxure,40-15-15-15,40-15-15-15,40-15-15-15,0%,0%,0%,40-15-15-15
373,時拉比,celebi,27.5-10-13-15,27.5-10-15-10,26.5-15-15-15,0%,-15%,0%,26.5-15-15-15
374,晃晃斑,spinda,40-15-15-15,40-15-15-15,40-15-15-15,0%,0%,0%,40-15-15-15
375,暖暖豬,tepig,40-15-15-15,40-15-15-15,40-15-15-15,0%,0%,0%,40-15-15-15
376,暴雪王,abomasnow,40-15-15-15,40-15-15-15,40-15-15-15,0%,0%,0%,40-15-15-15
377,暴雪王 暗影化,abomasnow_shadow,40-15-15-15,40-15-15-15,40-15-15-15,0%,0%,0%,40-15-15-15
378,暴飛龍,salamence,24.5-1-15-15,24.5-5-11-12,23-15-15-15,0%,0%,0%,23-15-15-15
379,暴飛龍 暗影化,salamence_shadow,24.5-1-15-15,24.5-5-11-12,23-15-15-15,1%,0%,1%,23-15-15-15
380,暴鯉龍,gyarados,27.5-0-15-14,27.5-6-7-11,25.5-15-15-15,-11%,11%,-11%,27.5-6-7-11
381,暴鯉龍 暗影化,gyarados_shadow,27.5-0-15-14,27.5-6-7-11,25.5-15-15-15,0%,1%,0%,27.5-6-7-11
382,月亮伊布,umbreon,40-15-15-15,40-15-15-15,40-15-15-15,0%,0%,0%,40-15-15-15
383,月桂葉,bayleef,40-15-15-15,40-15-15-15,40-15-15-15,0%,0%,0%,40-15-15-15
384,月石,lunatone,40-15-15-15,40-15-15-15,40-15-15-15,0%,0%,0%,40-15-15-15
385,朝北鼻,nosepass,40-15-15-15,40-15-15-15,40-15-15-15,0%,0%,0%,40-15-15-15
386,木守宮,treecko,40-15-15-15,40-15-15-15,40-15-15-15,0%,0%,0%,40-15-15-15
387,木棉球,cottonee,40-15-15-15,40-15-15-15,40-15-15-15,0%,0%,0%,40-15-15-15
388,未知圖騰,unown,40-15-15-15,40-15-15-15,40-15-15-15,0%,0%,0%,40-15-15-15
389,東施喵,purugly,40-15-15-15,40-15-15-15,40-15-15-15,0%,0%,0%,40-15-15-15
390,果然翁,wobbuffet,40-15-15-15,40-15-15-15,40-15-15-15,0%,0%,0%,40-15-15-15
391,果然翁 暗影化,wobbuffet_shadow,40-15-15-15,40-15-15-15,40-15-15-15,0%,0%,0%,40-15-15-15
392,森林蜥蜴,grovyle,40-15-15-15,40-15-15-15,40-15-15-15,0%,0%,0%,40-15-15-15
393,椰蛋樹,exeggutor,31.5-1-15-15,31-6-12-12,29-15-15-15,-1%,-23%,-1%,29-15-15-15
394,椰蛋樹 暗影化,exeggutor_shadow,31.5-1-15-15,31-6-12-12,29-15-15-15,0%,0%,0%,29-15-15-15
395,椰蛋樹 阿羅拉型態,exeggutor_alolan,31.5-1-15-15,31-6-12-12,29-15-15-15,-65%,-64%,-65%,29-15-15-15
396,榛果球,pineco,40-15-15-15,40-15-15-15,40-15-15-15,0%,0%,0%,40-15-15-15
397,榛果球 暗影化,pineco_shadow,40-15-15-15,40-15-15-15,40-15-15-15,0%,0%,0%,40-15-15-15
398,樂天河童,ludicolo,40-15-15-15,40-15-15-15,40-15-15-15,0%,0%,0%,40-15-15-15
399,樹才怪,sudowoodo,40-15-15-15,40-15-15-15,40-15-15-15,0%,0%,0%,40-15-15-15
400,樹林龜,grotle,40-15-15-15,40-15-15-15,40-15-15-15,0%,0%,0%,40-15-15-15
401,樹林龜 暗影化,grotle_shadow,40-15-15-15,40-15-15-15,40-15-15-15,0%,0%,0%,40-15-15-15
402,橡實果,seedot,40-15-15-15,40-15-15-15,40-15-15-15,0%,0%,0%,40-15-15-15
403,橡實果 暗影化,seedot_shadow,40-15-15-15,40-15-15-15,40-15-15-15,0%,0%,0%,40-15-15-15
404,櫻花兒 盛開型態,cherrim_sunny,40-15-15-15,40-15-15-15,40-15-15-15,0%,0%,0%,40-15-15-15
405,櫻花兒 花苞型態,cherrim_overcast,40-15-15-15,40-15-15-15,40-15-15-15,0%,0%,0%,40-15-15-15
406,櫻花寶,cherubi,40-15-15-15,40-15-15-15,40-15-15-15,0%,0%,0%,40-15-15-15
407,櫻花魚,gorebyss,40-15-15-15,40-15-15-15,40-15-15-15,0%,0%,0%,40-15-15-15
408,正電拍拍,plusle,40-15-15-15,40-15-15-15,40-15-15-15,0%,0%,0%,40-15-15-15
409,步哨鼠,watchog,40-15-15-15,40-15-15-15,40-15-15-15,0%,0%,0%,40-15-15-15
410,死神板,runerigus,40-15-15-15,40-15-15-15,40-15-15-15,0%,0%,0%,40-15-15-15
411,死神棺,cofagrigus,40-15-15-15,40-15-15-15,40-15-15-15,0%,0%,0%,40-15-15-15
412,毒刺水母,tentacruel,40-15-15-15,40-15-15-15,40-15-15-15,0%,0%,0%,40-15-15-15
413,毒粉蛾,dustox,40-15-15-15,40-15-15-15,40-15-15-15,0%,0%,0%,40-15-15-15
414,毒薔薇,roselia,40-15-15-15,40-15-15-15,40-15-15-15,0%,0%,0%,40-15-15-15
415,毒骷蛙,toxicroak,40-15-15-15,40-15-15-15,40-15-15-15,0%,0%,0%,40-15-15-15
416,比克提尼,victini,27.5-10-13-15,27.5-10-15-10,26.5-15-15-15,0%,-39%,0%,26.5-15-15-15
417,比比鳥,pidgeotto,40-15-15-15,40-15-15-15,40-15-15-15,0%,0%,0%,40-15-15-15
418,毛球,venonat,40-15-15-15,40-15-15-15,40-15-15-15,0%,0%,0%,40-15-15-15
419,毛球 暗影化,venonat_shadow,40-15-15-15,40-15-15-15,40-15-15-15,0%,0%,0%,40-15-15-15
420,毛頭小鷹,rufflet,40-15-15-15,40-15-15-15,40-15-15-15,0%,0%,0%,40-15-15-15
421,毽子棉,jumpluff,40-15-15-15,40-15-15-15,40-15-15-15,0%,0%,0%,40-15-15-15
422,毽子棉 暗影化,jumpluff_shadow,40-15-15-15,40-15-15-15,40-15-15-15,0%,0%,0%,40-15-15-15
423,毽子花,skiploom,40-15-15-15,40-15-15-15,40-15-15-15,0%,0%,0%,40-15-15-15
424,毽子花 暗影化,skiploom_shadow,40-15-15-15,40-15-15-15,40-15-15-15,0%,0%,0%,40-15-15-15
425,毽子草,hoppip,40-15-15-15,40-15-15-15,40-15-15-15,0%,0%,0%,40-15-15-15
426,毽子草 暗影化,hoppip_shadow,40-15-15-15,40-15-15-15,40-15-15-15,0%,0%,0%,40-15-15-15
427,水伊布,vaporeon,30.5-0-15-13,29-9-15-12,28-15-15-15,1%,-11%,1%,30.5-0-15-13
428,水君,suicune,33-2-15-14,33.5-5-8-9,29-15-15-15,-2%,3%,-2%,33.5-5-8-9
429,水君 暗影化,suicune_shadow,33-2-15-14,33.5-5-8-9,29-15-15-15,-5%,5%,-5%,33.5-5-8-9
430,水晶燈火靈,chandelure,28.5-0-15-12,27.5-7-14-14,26.5-15-15-15,0%,0%,0%,26.5-15-15-15
431,水水獺,oshawott,40-15-15-15,40-15-15-15,40-15-15-15,0%,0%,0%,40-15-15-15
432,水箭龜,blastoise,40-15-15-15,40-15-15-15,40-15-15-15,0%,0%,0%,40-15-15-15
433,水箭龜 (Mega),blastoise_mega,23.5-0-14-15,23-10-14-9,22-15-15-15,3%,0%,3%,23.5-0-14-15
434,水箭龜 暗影化,blastoise_shadow,40-15-15-15,40-15-15-15,40-15-15-15,0%,0%,0%,40-15-15-15
435,水躍魚,mudkip,40-15-15-15,40-15-15-15,40-15-15-15,0%,0%,0%,40-15-15-15
436,水躍魚 暗影化,mudkip_shadow,40-15-15-15,40-15-15-15,40-15-15-15,0%,0%,0%,40-15-15-15
437,沙基拉斯,pupitar,40-15-15-15,40-15-15-15,40-15-15-15,0%,0%,0%,40-15-15-15
438,沙基拉斯 暗影化,pupitar_shadow,40-15-15-15,40-15-15-15,40-15-15-15,0%,0%,0%,40-15-15-15
439,沙奈朵,gardevoir,30.5-0-12-15,29.5-9-11-12,28-15-15-15,0%,0%,0%,28-15-15-15
440,沙奈朵 暗影化,gardevoir_shadow,30.5-0-12-15,29.5-9-11-12,28-15-15-15,0%,0%,0%,28-15-15-15
441,沙河馬,hippopotas,40-15-15-15,40-15-15-15,40-15-15-15,0%,0%,0%,40-15-15-15
442,沙漠蜻蜓,flygon,40-1-15-15,36.5-14-14-13,35.5-15-15-15,-21%,20%,-21%,36.5-14-14-13
443,沙漠蜻蜓 暗影化,flygon_shadow,40-1-15-15,36.5-14-14-13,35.5-15-15-15,2%,60%,2%,40-1-15-15
444,沙鈴仙人掌,maractus,40-15-15-15,40-15-15-15,40-15-15-15,0%,0%,0%,40-15-15-15
445,河馬獸,hippowdon,31-0-14-15,30-6-12-11,28-15-15-15,3%,0%,3%,31-0-14-15
446,沼王,quagsire,40-15-15-15,40-15-15-15,40-15-15-15,0%,0%,0%,40-15-15-15
447,沼躍魚,marshtomp,40-15-15-15,40-15-15-15,40-15-15-15,0%,0%,0%,40-15-15-15
448,沼躍魚 暗影化,marshtomp_shadow,40-15-15-15,40-15-15-15,40-15-15-15,0%,0%,0%,40-15-15-15
449,泡沫栗鼠,minccino,40-15-15-15,40-15-15-15,40-15-15-15,0%,0%,0%,40-15-15-15
450,波克基古,togetic,40-15-15-15,40-15-15-15,40-15-15-15,0%,0%,0%,40-15-15-15
451,波克基斯,togekiss,28-0-15-15,27.5-7-14-10,26-15-15-15,0%,0%,0%,26-15-15-15
452,波克比,togepi,40-15-15-15,40-15-15-15,40-15-15-15,0%,0%,0%,40-15-15-15
453,波加曼,piplup,40-15-15-15,40-15-15-15,40-15-15-15,0%,0%,0%,40-15-15-15
454,波士可多拉,aggron,33-0-13-15,31.5-7-15-9,29-15-15-15,1%,-28%,1%,33-0-13-15
455,波波,pidgey,40-15-15-15,40-15-15-15,40-15-15-15,0%,0%,0%,40-15-15-15
456,波皇子,prinplup,40-15-15-15,40-15-15-15,40-15-15-15,0%,0%,0%,40-15-15-15
457,泥偶小人,golett,40-15-15-15,40-15-15-15,40-15-15-15,0%,0%,0%,40-15-15-15
458,泥偶巨人,golurk,36-0-13-14,35-5-11-12,31-15-15-15,0%,0%,0%,31-15-15-15
459,泥巴魚,stunfisk,40-15-15-15,40-15-15-15,40-15-15-15,0%,0%,0%,40-15-15-15
460,泥巴魚 伽勒爾型態,stunfisk_galarian,40-15-15-15,40-15-15-15,40-15-15-15,0%,0%,0%,40-15-15-15
461,泥泥鰍,barboach,40-15-15-15,40-15-15-15,40-15-15-15,0%,0%,0%,40-15-15-15
462,泳圈鼬,buizel,40-15-15-15,40-15-15-15,40-15-15-15,0%,0%,0%,40-15-15-15
463,洛奇亞,lugia,25.5-1-13-13,25-7-12-8,23.5-15-15-15,2%,0%,2%,25.5-1-13-13
464,洛托姆 切割洛托姆,rotom_mow,40-8-15-15,38.5-13-14-14,37.5-15-15-15,-4%,-1%,-4%,37.5-15-15-15
465,洛托姆 加熱洛托姆,rotom_heat,40-8-15-15,38.5-13-14-14,37.5-15-15-15,-11%,-9%,-11%,37.5-15-15-15
466,洛托姆 旋轉洛托姆,rotom_fan,40-8-15-15,38.5-13-14-14,37.5-15-15-15,-3%,-26%,-3%,37.5-15-15-15
467,洛托姆 洛托姆的樣子,rotom,40-15-15-15,40-15-15-15,40-15-15-15,0%,0%,0%,40-15-15-15
468,洛托姆 清洗洛托姆,rotom_wash,40-8-15-15,38.5-13-14-14,37.5-15-15-15,-50%,-50%,-50%,37.5-15-15-15
469,洛托姆 結冰洛托姆,rotom_frost,40-8-15-15,38.5-13-14-14,37.5-15-15-15,-21%,-21%,-21%,37.5-15-15-15
470,派拉斯,paras,40-15-15-15,40-15-15-15,40-15-15-15,0%,0%,0%,40-15-15-15
471,派拉斯特,parasect,40-15-15-15,40-15-15-15,40-15-15-15,0%,0%,0%,40-15-15-15
472,流氓鱷,krookodile,31.5-0-13-15,29.5-10-13-15,28.5-15-15-15,-42%,-40%,-42%,28.5-15-15-15
473,浮潛鼬,floatzel,40-15-15-15,40-15-15-15,40-15-15-15,0%,0%,0%,40-15-15-15
474,海兔獸 東海型態,gastrodon_east_sea,40-15-15-15,40-15-15-15,40-15-15-15,0%,0%,0%,40-15-15-15
475,海兔獸 西海型態,gastrodon_west_sea,40-15-15-15,40-15-15-15,40-15-15-15,0%,0%,0%,40-15-15-15
476,海刺龍,seadra,40-15-15-15,40-15-15-15,40-15-15-15,0%,0%,0%,40-15-15-15
477,海星星,staryu,40-15-15-15,40-15-15-15,40-15-15-15,0%,0%,0%,40-15-15-15
478,海豹球,spheal,40-15-15-15,40-15-15-15,40-15-15-15,0%,0%,0%,40-15-15-15
479,海魔獅,sealeo,40-15-15-15,40-15-15-15,40-15-15-15,0%,0%,0%,40-15-15-15
480,混混鱷,krokorok,40-15-15-15,40-15-15-15,40-15-15-15,0%,0%,0%,40-15-15-15
481,溜溜糖球,surskit,40-15-15-15,40-15-15-15,40-15-15-15,0%,0%,0%,40-15-15-15
482,溶食獸,gulpin,40-15-15-15,40-15-15-15,40-15-15-15,0%,0%,0%,40-15-15-15
483,滑滑小子,scraggy,40-15-15-15,40-15-15-15,40-15-15-15,0%,0%,0%,40-15-15-15
484,滾滾蝙蝠,woobat,40-15-15-15,40-15-15-15,40-15-15-15,0%,0%,0%,40-15-15-15
485,火伊布,flareon,31-1-15-15,30.5-6-10-15,28.5-15-15-15,-20%,-17%,-20%,28.5-15-15-15
486,火岩鼠,quilava,40-15-15-15,40-15-15-15,40-15-15-15,0%,0%,0%,40-15-15-15
487,火恐龍,charmeleon,40-15-15-15,40-15-15-15,40-15-15-15,0%,0%,0%,40-15-15-15
488,火恐龍 暗影化,charmeleon_shadow,40-15-15-15,40-15-15-15,40-15-15-15,0%,0%,0%,40-15-15-15
489,火焰雞,blaziken,35-1-15-15,34.5-5-12-14,31-15-15-15,0%,0%,0%,31-15-15-15
490,火焰鳥,moltres,27-1-10-15,26.5-5-13-11,25-15-15-15,-42%,-42%,-42%,25-15-15-15
491,火焰鳥 暗影化,moltres_shadow,27-1-10-15,26.5-5-13-11,25-15-15-15,-14%,-14%,-14%,25-15-15-15
492,火爆猴,primeape,40-15-15-15,40-15-15-15,40-15-15-15,0%,0%,0%,40-15-15-15
493,火爆獸,typhlosion,35-0-13-15,35-5-13-6,30.5-15-15-15,-34%,-34%,-34%,30.5-15-15-15
494,火球鼠,cyndaquil,40-15-15-15,40-15-15-15,40-15-15-15,0%,0%,0%,40-15-15-15
495,火神蛾,volcarona,25.5-0-15-14,25-5-14-12,24-15-15-15,1%,0%,1%,25.5-0-15-14
496,火稚雞,torchic,40-15-15-15,40-15-15-15,40-15-15-15,0%,0%,0%,40-15-15-15
497,火紅不倒翁,darumaka,40-15-15-15,40-15-15-15,40-15-15-15,0%,0%,0%,40-15-15-15
498,火紅不倒翁 伽勒爾型態,darumaka_galarian,40-15-15-15,40-15-15-15,40-15-15-15,0%,0%,0%,40-15-15-15
499,灰塵山,garbodor,40-15-15-15,40-15-15-15,40-15-15-15,0%,0%,0%,40-15-15-15
500,炎帝,entei,26.5-3-15-14,26-8-13-14,25-15-15-15,-42%,-41%,-42%,25-15-15-15
501,炎帝 暗影化,entei_shadow,26.5-3-15-14,26-8-13-14,25-15-15-15,-14%,-12%,-14%,25-15-15-15
502,炎武王,emboar,32.5-0-15-14,32-6-10-14,29-15-15-15,-26%,-24%,-26%,29-15-15-15
503,炒炒豬,pignite,40-15-15-15,40-15-15-15,40-15-15-15,0%,0%,0%,40-15-15-15
504,烈咬陸鯊,garchomp,23.5-0-14-13,23-8-15-7,22-15-15-15,-35%,-31%,-35%,22-15-15-15
505,烈焰猴,infernape,39.5-1-15-14,35.5-14-15-14,35-15-15-15,-23%,-23%,-23%,35-15-15-15
506,烈焰馬,rapidash,40-15-15-15,40-15-15-15,40-15-15-15,0%,0%,0%,40-15-15-15
507,烈焰馬 伽勒爾型態,rapidash_galarian,40-15-15-15,40-15-15-15,40-15-15-15,0%,0%,0%,40-15-15-15
508,烈空坐,rayquaza,24-1-14-15,23.5-9-11-14,22.5-15-15-15,0%,0%,0%,22.5-15-15-15
509,烈雀,spearow,40-15-15-15,40-15-15-15,40-15-15-15,0%,0%,0%,40-15-15-15
510,烏波,wooper,40-15-15-15,40-15-15-15,40-15-15-15,0%,0%,0%,40-15-15-15
511,烏鴉頭頭,honchkrow,38.5-0-15-15,38-5-14-9,34.5-15-15-15,-63%,-63%,-63%,34.5-15-15-15
512,無殼海兔 東海型態,shellos_east_sea,40-15-15-15,40-15-15-15,40-15-15-15,0%,0%,0%,40-15-15-15
513,無殼海兔 西海型態,shellos_west_sea,40-15-15-15,40-15-15-15,40-15-15-15,0%,0%,0%,40-15-15-15
514,無畏小子,tyrogue,40-15-15-15,40-15-15-15,40-15-15-15,0%,0%,0%,40-15-15-15
515,煤炭龜,torkoal,40-15-15-15,40-15-15-15,40-15-15-15,0%,0%,0%,40-15-15-15
516,熊寶寶,teddiursa,40-15-15-15,40-15-15-15,40-15-15-15,0%,0%,0%,40-15-15-15
517,熊寶寶 暗影化,teddiursa_shadow,40-15-15-15,40-15-15-15,40-15-15-15,0%,0%,0%,40-15-15-15
518,熔岩蝸牛,magcargo,40-15-15-15,40-15-15-15,40-15-15-15,0%,0%,0%,40-15-15-15
519,熔岩蟲,slugma,40-15-15-15,40-15-15-15,40-15-15-15,0%,0%,0%,40-15-15-15
520,熔蟻獸,heatmor,40-15-15-15,40-15-15-15,40-15-15-15,0%,0%,0%,40-15-15-15
521,熱帶龍,tropius,40-15-15-15,40-15-15-15,40-15-15-15,0%,0%,0%,40-15-15-15
522,燃燒蟲,larvesta,40-15-15-15,40-15-15-15,40-15-15-15,0%,0%,0%,40-15-15-15
523,燈火幽靈,lampent,40-15-15-15,40-15-15-15,40-15-15-15,0%,0%,0%,40-15-15-15
524,燈籠魚,chinchou,40-15-15-15,40-15-15-15,40-15-15-15,0%,0%,0%,40-15-15-15
525,燭光靈,litwick,40-15-15-15,40-15-15-15,40-15-15-15,0%,0%,0%,40-15-15-15
526,爆炸頭水牛,bouffalant,37.5-0-14-15,36.5-6-14-8,32.5-15-15-15,-21%,-14%,-21%,32.5-15-15-15
527,爆音怪,exploud,40-15-15-15,40-15-15-15,40-15-15-15,0%,0%,0%,40-15-15-15
528,爆香猴,pansear,40-15-15-15,40-15-15-15,40-15-15-15,0%,0%,0%,40-15-15-15
529,爆香猿,simisear,40-15-15-15,40-15-15-15,40-15-15-15,0%,0%,0%,40-15-15-15
530,牙牙,axew,40-15-15-15,40-15-15-15,40-15-15-15,0%,0%,0%,40-15-15-15
531,狃拉,sneasel,40-15-15-15,40-15-15-15,40-15-15-15,0%,0%,0%,40-15-15-15
532,狃拉 暗影化,sneasel_shadow,40-15-15-15,40-15-15-15,40-15-15-15,0%,0%,0%,40-15-15-15
533,狡猾天狗,shiftry,40-15-15-15,40-15-15-15,40-15-15-15,0%,0%,0%,40-15-15-15
534,狡猾天狗 暗影化,shiftry_shadow,40-15-15-15,40-15-15-15,40-15-15-15,0%,0%,0%,40-15-15-15
535,狩獵鳳蝶,beautifly,40-15-15-15,40-15-15-15,40-15-15-15,0%,0%,0%,40-15-15-15
536,猛火猴,monferno,40-15-15-15,40-15-15-15,40-15-15-15,0%,0%,0%,40-15-15-15
537,猴怪,mankey,40-15-15-15,40-15-15-15,40-15-15-15,0%,0%,0%,40-15-15-15
538,獨角犀牛,rhyhorn,40-15-15-15,40-15-15-15,40-15-15-15,0%,0%,0%,40-15-15-15
539,獨角蟲,weedle,40-15-15-15,40-15-15-15,40-15-15-15,0%,0%,0%,40-15-15-15
540,獨角蟲 暗影化,weedle_shadow,40-15-15-15,40-15-15-15,40-15-15-15,0%,0%,0%,40-15-15-15
541,獵斑魚,huntail,40-15-15-15,40-15-15-15,40-15-15-15,0%,0%,0%,40-15-15-15
542,珍珠貝,clamperl,40-15-15-15,40-15-15-15,40-15-15-15,0%,0%,0%,40-15-15-15
543,班基拉斯,tyranitar,24.5-0-13-11,23.5-6-15-13,22.5-15-15-15,0%,13%,0%,23.5-6-15-13
544,班基拉斯 暗影化,tyranitar_shadow,24.5-0-13-11,23.5-6-15-13,22.5-15-15-15,0%,0%,0%,22.5-15-15-15
545,瑪力露,marill,40-15-15-15,40-15-15-15,40-15-15-15,0%,0%,0%,40-15-15-15
546,瑪力露麗,azumarill,40-15-15-15,40-15-15-15,40-15-15-15,0%,0%,0%,40-15-15-15
547,瑪沙那,meditite,40-15-15-15,40-15-15-15,40-15-15-15,0%,0%,0%,40-15-15-15
548,瑪狃拉,weavile,32-0-14-15,32-6-9-11,29-15-15-15,-13%,-11%,-13%,29-15-15-15
549,瑪狃拉 暗影化,weavile_shadow,32-0-14-15,32-6-9-11,29-15-15-15,-58%,-57%,-58%,29-15-15-15
550,瑪瑙水母,tentacool,40-15-15-15,40-15-15-15,40-15-15-15,0%,0%,0%,40-15-15-15
551,瑪納霏,manaphy,29-0-15-10,28.5-5-7-14,26.5-15-15-15,-4%,-1%,-4%,26.5-15-15-15
552,瓦斯彈,koffing,40-15-15-15,40-15-15-15,40-15-15-15,0%,0%,0%,40-15-15-15
553,瓦斯彈 暗影化,koffing_shadow,40-15-15-15,40-15-15-15,40-15-15-15,0%,0%,0%,40-15-15-15
554,甜甜螢,illumise,40-15-15-15,40-15-15-15,40-15-15-15,0%,0%,0%,40-15-15-15
555,由克希,uxie,40-14-14-14,40-15-12-13,39-15-15-15,-7%,7%,-7%,40-15-12-13
556,甲殼繭,silcoon,40-15-15-15,40-15-15-15,40-15-15-15,0%,0%,0%,40-15-15-15
557,甲殼龍,shelgon,40-15-15-15,40-15-15-15,40-15-15-15,0%,0%,0%,40-15-15-15
558,甲殼龍 暗影化,shelgon_shadow,40-15-15-15,40-15-15-15,40-15-15-15,0%,0%,0%,40-15-15-15
559,畢力吉翁,virizion,32.5-1-15-12,30-8-14-14,28.5-15-15-15,19%,1%,19%,32.5-1-15-12
560,白海獅,dewgong,40-15-15-15,40-15-15-15,40-15-15-15,0%,0%,0%,40-15-15-15
561,百合根娃娃,petilil,40-15-15-15,40-15-15-15,40-15-15-15,0%,0%,0%,40-15-15-15
562,百變怪,ditto,40-15-15-15,40-15-15-15,40-15-15-15,0%,0%,0%,40-15-15-15
563,百足蜈蚣,venipede,40-15-15-15,40-15-15-15,40-15-15-15,0%,0%,0%,40-15-15-15
564,皮丘,pichu,40-15-15-15,40-15-15-15,40-15-15-15,0%,0%,0%,40-15-15-15
565,皮卡丘,pikachu,40-15-15-15,40-15-15-15,40-15-15-15,0%,0%,0%,40-15-15-15
566,皮卡丘 面罩摔角手,pikachu_libre,40-15-15-15,40-15-15-15,40-15-15-15,0%,0%,0%,40-15-15-15
567,皮卡丘 飛翔氣球,pikachu_flying,40-15-15-15,40-15-15-15,40-15-15-15,0%,0%,0%,40-15-15-15
568,皮可西,clefable,40-15-15-15,40-15-15-15,40-15-15-15,0%,0%,0%,40-15-15-15
569,皮寶寶,cleffa,40-15-15-15,40-15-15-15,40-15-15-15,0%,0%,0%,40-15-15-15
570,皮皮,clefairy,40-15-15-15,40-15-15-15,40-15-15-15,0%,0%,0%,40-15-15-15
571,盆才怪,bonsly,40-15-15-15,40-15-15-15,40-15-15-15,0%,0%,0%,40-15-15-15
572,盔甲鳥,skarmory,40-15-15-15,40-15-15-15,40-15-15-15,0%,0%,0%,40-15-15-15
573,盔甲鳥 暗影化,skarmory_shadow,40-15-15-15,40-15-15-15,40-15-15-15,0%,0%,0%,40-15-15-15
574,直衝熊,linoone,40-15-15-15,40-15-15-15,40-15-15-15,0%,0%,0%,40-15-15-15
575,直衝熊 伽勒爾型態,linoone_galarian,40-15-15-15,40-15-15-15,40-15-15-15,0%,0%,0%,40-15-15-15
576,盾甲繭,cascoon,40-15-15-15,40-15-15-15,40-15-15-15,0%,0%,0%,40-15-15-15
577,盾甲龍,shieldon,40-15-15-15,40-15-15-15,40-15-15-15,0%,0%,0%,40-15-15-15
578,石丸子,roggenrola,40-15-15-15,40-15-15-15,40-15-15-15,0%,0%,0%,40-15-15-15
579,石居蟹,dwebble,40-15-15-15,40-15-15-15,40-15-15-15,0%,0%,0%,40-15-15-15
580,破破袋,trubbish,40-15-15-15,40-15-15-15,40-15-15-15,0%,0%,0%,40-15-15-15
581,禿鷹丫頭,vullaby,40-15-15-15,40-15-15-15,40-15-15-15,0%,0%,0%,40-15-15-15
582,禿鷹娜,mandibuzz,40-15-15-15,40-15-15-15,40-15-15-15,0%,0%,0%,40-15-15-15
583,種子鐵球,ferroseed,40-15-15-15,40-15-15-15,40-15-15-15,0%,0%,0%,40-15-15-15
584,穿山王,sandslash,40-15-15-15,40-15-15-15,40-15-15-15,0%,0%,0%,40-15-15-15
585,穿山王 暗影化,sandslash_shadow,40-15-15-15,40-15-15-15,40-15-15-15,0%,0%,0%,40-15-15-15
586,穿山王 阿羅拉型態,sandslash_alolan,40-15-15-15,40-15-15-15,40-15-15-15,0%,0%,0%,40-15-15-15
587,穿山鼠,sandshrew,40-15-15-15,40-15-15-15,40-15-15-15,0%,0%,0%,40-15-15-15
588,穿山鼠 暗影化,sandshrew_shadow,40-15-15-15,40-15-15-15,40-15-15-15,0%,0%,0%,40-15-15-15
589,穿山鼠 阿羅拉型態,sandshrew_alolan,40-15-15-15,40-15-15-15,40-15-15-15,0%,0%,0%,40-15-15-15
590,章魚桶,octillery,40-15-15-15,40-15-15-15,40-15-15-15,0%,0%,0%,40-15-15-15
591,索羅亞,zorua,40-15-15-15,40-15-15-15,40-15-15-15,0%,0%,0%,40-15-15-15
592,索羅亞克,zoroark,40-7-15-15,39.5-12-12-15,38-15-15-15,-35%,-34%,-35%,38-15-15-15
593,紳士蛾,mothim,40-15-15-15,40-15-15-15,40-15-15-15,0%,0%,0%,40-15-15-15
594,結草兒 垃圾蓑衣,burmy_trash,40-15-15-15,40-15-15-15,40-15-15-15,0%,0%,0%,40-15-15-15
595,結草兒 砂土蓑衣,burmy_sandy,40-15-15-15,40-15-15-15,40-15-15-15,0%,0%,0%,40-15-15-15
596,結草兒 草木蓑衣,burmy_plant,40-15-15-15,40-15-15-15,40-15-15-15,0%,0%,0%,40-15-15-15
597,結草貴婦 垃圾蓑衣,wormadam_trash,40-15-15-15,40-15-15-15,40-15-15-15,0%,0%,0%,40-15-15-15
598,結草貴婦 砂土蓑衣,wormadam_sandy,40-15-15-15,40-15-15-15,40-15-15-15,0%,0%,0%,40-15-15-15
599,結草貴婦 草木蓑衣,wormadam_plant,40-15-15-15,40-15-15-15,40-15-15-15,0%,0%,0%,40-15-15-15
600,綠毛蟲,caterpie,40-15-15-15,40-15-15-15,40-15-15-15,0%,0%,0%,40-15-15-15
601,羅絲雷朵,roserade,33-0-12-15,31-7-15-13,29-15-15-15,0%,1%,0%,31-7-15-13
602,美洛耶塔 歌聲型態,meloetta_aria,23.5-0-14-13,23.5-5-8-9,22-15-15-15,-21%,-21%,-21%,22-15-15-15
603,美洛耶塔 舞步型態,meloetta_pirouette,23.5-1-15-15,23-10-12-13,22-15-15-15,-28%,28%,-28%,23-10-12-13
604,美納斯,milotic,33-0-13-15,31.5-6-10-14,29-15-15-15,1%,-10%,1%,33-0-13-15
605,美錄坦,meltan,40-15-15-15,40-15-15-15,40-15-15-15,0%,0%,0%,40-15-15-15
606,美錄梅塔,melmetal,26-0-13-15,26-5-6-12,24-15-15-15,-1%,13%,-1%,26-5-6-12
607,美麗花,bellossom,40-15-15-15,40-15-15-15,40-15-15-15,0%,0%,0%,40-15-15-15
608,美麗花 暗影化,bellossom_shadow,40-15-15-15,40-15-15-15,40-15-15-15,0%,0%,0%,40-15-15-15
609,耿鬼,gengar,34.5-0-15-14,34-7-8-15,30.5-15-15-15,0%,0%,0%,30.5-15-15-15
610,耿鬼 (Mega),gengar_mega,21-0-15-15,21-9-15-7,20-15-15-15,0%,0%,0%,20-15-15-15
611,聒噪鳥,chatot,40-15-15-15,40-15-15-15,40-15-15-15,0%,0%,0%,40-15-15-15
612,肋骨海龜,carracosta,40-5-15-15,37-15-14-14,36.5-15-15-15,1%,0%,1%,40-5-15-15
613,肯泰羅,tauros,40-5-15-15,38.5-12-12-13,36.5-15-15-15,0%,1%,0%,38.5-12-12-13
614,胖丁,jigglypuff,40-15-15-15,40-15-15-15,40-15-15-15,0%,0%,0%,40-15-15-15
615,胖可丁,wigglytuff,40-15-15-15,40-15-15-15,40-15-15-15,0%,0%,0%,40-15-15-15
616,胖嘟嘟,jellicent,40-15-15-15,40-15-15-15,40-15-15-15,0%,0%,0%,40-15-15-15
617,胡地,alakazam,30.5-0-14-15,30-7-13-10,28.5-15-15-15,-19%,-4%,-19%,28.5-15-15-15
618,胡地 暗影化,alakazam_shadow,30.5-0-14-15,30-7-13-10,28.5-15-15-15,3%,0%,3%,30.5-0-14-15
619,脫殼忍者,shedinja,40-15-15-15,40-15-15-15,40-15-15-15,0%,0%,0%,40-15-15-15
620,腕力,machop,40-15-15-15,40-15-15-15,40-15-15-15,0%,0%,0%,40-15-15-15
621,腕力 暗影化,machop_shadow,40-15-15-15,40-15-15-15,40-15-15-15,0%,0%,0%,40-15-15-15
622,自爆磁怪,magnezone,29-0-15-15,29-5-15-6,27-15-15-15,13%,5%,13%,27-15-15-15
623,自爆磁怪 暗影化,magnezone_shadow,29-0-15-15,29-5-15-6,27-15-15-15,-38%,-38%,-38%,27-15-15-15
624,臭泥,grimer,40-15-15-15,40-15-15-15,40-15-15-15,0%,0%,0%,40-15-15-15
625,臭泥 暗影化,grimer_shadow,40-15-15-15,40-15-15-15,40-15-15-15,0%,0%,0%,40-15-15-15
626,臭泥 阿羅拉型態,grimer_alolan,40-15-15-15,40-15-15-15,40-15-15-15,0%,0%,0%,40-15-15-15
627,臭臭泥,muk,38.5-0-15-15,38-5-11-10,33-15-15-15,-17%,-14%,-17%,33-15-15-15
628,臭臭泥 暗影化,muk_shadow,38.5-0-15-15,38-5-11-10,33-15-15-15,2%,1%,2%,38.5-0-15-15
629,臭臭泥 阿羅拉型態,muk_alolan,38.5-0-15-15,38-5-11-10,33-15-15-15,-10%,-6%,-10%,33-15-15-15
630,臭臭花,gloom,40-15-15-15,40-15-15-15,40-15-15-15,0%,0%,0%,40-15-15-15
631,臭臭花 暗影化,gloom_shadow,40-15-15-15,40-15-15-15,40-15-15-15,0%,0%,0%,40-15-15-15
632,臭鼬噗,stunky,40-15-15-15,40-15-15-15,40-15-15-15,0%,0%,0%,40-15-15-15
633,臭鼬噗 暗影化,stunky_shadow,40-15-15-15,40-15-15-15,40-15-15-15,0%,0%,0%,40-15-15-15
634,舞天鵝,swanna,40-15-15-15,40-15-15-15,40-15-15-15,0%,0%,0%,40-15-15-15
635,艾姆利多,mesprit,31-1-15-15,30.5-7-8-13,28.5-15-15-15,-7%,-5%,-7%,28.5-15-15-15
636,艾路雷朵,gallade,30.5-0-12-15,29.5-9-11-12,28-15-15-15,0%,7%,0%,29.5-9-11-12
637,艾路雷朵 暗影化,gallade_shadow,30.5-0-12-15,29.5-9-11-12,28-15-15-15,0%,0%,0%,28-15-15-15
638,芭瓢蟲,ledyba,40-15-15-15,40-15-15-15,40-15-15-15,0%,0%,0%,40-15-15-15
639,花岩怪,spiritomb,40-15-15-15,40-15-15-15,40-15-15-15,0%,0%,0%,40-15-15-15
640,花椰猴,pansage,40-15-15-15,40-15-15-15,40-15-15-15,0%,0%,0%,40-15-15-15
641,花椰猿,simisage,40-15-15-15,40-15-15-15,40-15-15-15,0%,0%,0%,40-15-15-15
642,茸茸羊,flaaffy,40-15-15-15,40-15-15-15,40-15-15-15,0%,0%,0%,40-15-15-15
643,茸茸羊 暗影化,flaaffy_shadow,40-15-15-15,40-15-15-15,40-15-15-15,0%,0%,0%,40-15-15-15
644,草苗龜,turtwig,40-15-15-15,40-15-15-15,40-15-15-15,0%,0%,0%,40-15-15-15
645,草苗龜 暗影化,turtwig_shadow,40-15-15-15,40-15-15-15,40-15-15-15,0%,0%,0%,40-15-15-15
646,菊石獸,omanyte,40-15-15-15,40-15-15-15,40-15-15-15,0%,0%,0%,40-15-15-15
647,菊石獸 暗影化,omanyte_shadow,40-15-15-15,40-15-15-15,40-15-15-15,0%,0%,0%,40-15-15-15
648,菊草葉,chikorita,40-15-15-15,40-15-15-15,40-15-15-15,0%,0%,0%,40-15-15-15
649,萊希拉姆,reshiram,23-1-13-12,22.5-5-12-14,21.5-15-15-15,0%,0%,0%,21.5-15-15-15
650,萌芽鹿,sawsbuck,40-15-15-15,40-15-15-15,40-15-15-15,0%,0%,0%,40-15-15-15
651,落雷獸,electrike,40-15-15-15,40-15-15-15,40-15-15-15,0%,0%,0%,40-15-15-15
652,葉伊布,leafeon,34-0-14-13,33-6-6-15,29.5-15-15-15,0%,-16%,0%,29.5-15-15-15
653,蓋歐卡,kyogre,22.5-1-14-13,22.5-5-14-6,21-15-15-15,-20%,-20%,-20%,21-15-15-15
654,蓋蓋蟲,karrablast,40-15-15-15,40-15-15-15,40-15-15-15,0%,0%,0%,40-15-15-15
655,蓋諾賽克特,genesect,27-10-12-12,26.5-10-13-15,26-15-15-15,1%,1%,1%,27-10-12-12
656,蓋諾賽克特 冰凍卡帶,genesect_chill,27-10-12-12,26.5-10-13-15,26-15-15-15,1%,1%,1%,27-10-12-12
657,蓋諾賽克特 水流卡帶,genesect_douse,27-10-12-12,26.5-10-13-15,26-15-15-15,1%,1%,1%,27-10-12-12
658,蓋諾賽克特 火焰卡帶,genesect_burn,27-10-12-12,26.5-10-13-15,26-15-15-15,1%,1%,1%,27-10-12-12
659,蓋諾賽克特 閃電卡帶,genesect_shock,27-10-12-12,26.5-10-13-15,26-15-15-15,1%,1%,1%,27-10-12-12
660,蓮帽小童,lombre,40-15-15-15,40-15-15-15,40-15-15-15,0%,0%,0%,40-15-15-15
661,蓮葉童子,lotad,40-15-15-15,40-15-15-15,40-15-15-15,0%,0%,0%,40-15-15-15
662,蔓藤怪,tangela,40-15-15-15,40-15-15-15,40-15-15-15,0%,0%,0%,40-15-15-15
663,蔥遊兵,sirfetchd,32.5-0-13-15,31.5-6-13-12,29-15-15-15,1%,0%,1%,32.5-0-13-15
664,藍蟾蜍,palpitoad,40-15-15-15,40-15-15-15,40-15-15-15,0%,0%,0%,40-15-15-15
665,藍鱷,croconaw,40-15-15-15,40-15-15-15,40-15-15-15,0%,0%,0%,40-15-15-15
666,藤藤蛇,snivy,40-15-15-15,40-15-15-15,40-15-15-15,0%,0%,0%,40-15-15-15
667,蘑蘑菇,shroomish,40-15-15-15,40-15-15-15,40-15-15-15,0%,0%,0%,40-15-15-15
668,蚊香君,poliwhirl,40-15-15-15,40-15-15-15,40-15-15-15,0%,0%,0%,40-15-15-15
669,蚊香君 暗影化,poliwhirl_shadow,40-15-15-15,40-15-15-15,40-15-15-15,0%,0%,0%,40-15-15-15
670,蚊香泳士,poliwrath,40-8-15-15,39-12-14-13,37.5-15-15-15,-23%,-22%,-23%,37.5-15-15-15
671,蚊香泳士 暗影化,poliwrath_shadow,40-8-15-15,39-12-14-13,37.5-15-15-15,-9%,-8%,-9%,37.5-15-15-15
672,蚊香蛙皇,politoed,40-15-15-15,40-15-15-15,40-15-15-15,0%,0%,0%,40-15-15-15
673,蚊香蛙皇 暗影化,politoed_shadow,40-15-15-15,40-15-15-15,40-15-15-15,0%,0%,0%,40-15-15-15
674,蚊香蝌蚪,poliwag,40-15-15-15,40-15-15-15,40-15-15-15,0%,0%,0%,40-15-15-15
675,蚊香蝌蚪 暗影化,poliwag_shadow,40-15-15-15,40-15-15-15,40-15-15-15,0%,0%,0%,40-15-15-15
676,蛇紋熊,zigzagoon,40-15-15-15,40-15-15-15,40-15-15-15,0%,0%,0%,40-15-15-15
677,蛇紋熊 伽勒爾型態,zigzagoon_galarian,40-15-15-15,40-15-15-15,40-15-15-15,0%,0%,0%,40-15-15-15
678,蛋蛋,exeggcute,40-15-15-15,40-15-15-15,40-15-15-15,0%,0%,0%,40-15-15-15
679,蛋蛋 暗影化,exeggcute_shadow,40-15-15-15,40-15-15-15,40-15-15-15,0%,0%,0%,40-15-15-15
680,蜂女王,vespiquen,40-15-15-15,40-15-15-15,40-15-15-15,0%,0%,0%,40-15-15-15
681,蜈蚣王,scolipede,40-15-15-15,40-15-15-15,40-15-15-15,0%,0%,0%,40-15-15-15
682,蜥蜴王,sceptile,38-0-15-13,36-9-13-12,33-15-15-15,-16%,2%,-16%,36-9-13-12
683,蜻蜻蜓,yanma,40-15-15-15,40-15-15-15,40-15-15-15,0%,0%,0%,40-15-15-15
684,螢光魚,finneon,40-15-15-15,40-15-15-15,40-15-15-15,0%,0%,0%,40-15-15-15
685,螺釘地鼠,drilbur,40-15-15-15,40-15-15-15,40-15-15-15,0%,0%,0%,40-15-15-15
686,蟲寶包,sewaddle,40-15-15-15,40-15-15-15,40-15-15-15,0%,0%,0%,40-15-15-15
687,蟾蜍王,seismitoad,40-10-15-14,40-12-13-12,38-15-15-15,-19%,-18%,-19%,38-15-15-15
688,袋獸,kangaskhan,40-9-15-13,38-13-15-15,37.5-15-15-15,1%,0%,1%,40-9-15-13
689,裙兒小姐,lilligant,39.5-12-15-15,39.5-14-14-13,38.5-15-15-15,0%,3%,0%,39.5-14-14-13
690,角金魚,goldeen,40-15-15-15,40-15-15-15,40-15-15-15,0%,0%,0%,40-15-15-15
691,觸手百合,lileep,40-15-15-15,40-15-15-15,40-15-15-15,0%,0%,0%,40-15-15-15
692,詛咒娃娃,banette,40-15-15-15,40-15-15-15,40-15-15-15,0%,0%,0%,40-15-15-15
693,詛咒娃娃 暗影化,banette_shadow,40-15-15-15,40-15-15-15,40-15-15-15,0%,0%,0%,40-15-15-15
694,請假王,slaking,21-0-11-15,20.5-9-10-12,19.5-15-15-15,-2%,2%,-2%,20.5-9-10-12
695,謝米 天空型態,shaymin_sky,26-0-13-13,25-8-15-12,24-15-15-15,-3%,3%,-3%,25-8-15-12
696,謝米 陸上型態,shaymin_land,29-0-15-10,28.5-5-7-14,26.5-15-15-15,0%,2%,0%,28.5-5-7-14
697,護城龍,bastiodon,40-15-15-15,40-15-15-15,40-15-15-15,0%,0%,0%,40-15-15-15
698,變隱龍,kecleon,40-15-15-15,40-15-15-15,40-15-15-15,0%,0%,0%,40-15-15-15
699,豆豆鴿,pidove,40-15-15-15,40-15-15-15,40-15-15-15,0%,0%,0%,40-15-15-15
700,象徵鳥,sigilyph,40-11-15-14,39.5-13-14-14,38.5-15-15-15,-8%,-8%,-8%,38.5-15-15-15
701,象牙豬,mamoswine,28-0-15-13,27.5-8-15-5,26-15-15-15,-30%,30%,-30%,27.5-8-15-5
702,豪力,machoke,40-15-15-15,40-15-15-15,40-15-15-15,0%,0%,0%,40-15-15-15
703,豪力 暗影化,machoke_shadow,40-15-15-15,40-15-15-15,40-15-15-15,0%,0%,0%,40-15-15-15
704,貓老大,persian,40-15-15-15,40-15-15-15,40-15-15-15,0%,0%,0%,40-15-15-15
705,貓老大 暗影化,persian_shadow,40-15-15-15,40-15-15-15,40-15-15-15,0%,0%,0%,40-15-15-15
706,貓老大 阿羅拉型態,persian_alolan,40-15-15-15,40-15-15-15,40-15-15-15,0%,0%,0%,40-15-15-15
707,貓頭夜鷹,noctowl,40-15-15-15,40-15-15-15,40-15-15-15,0%,0%,0%,40-15-15-15
708,貓鼬斬,zangoose,40-15-15-15,40-15-15-15,40-15-15-15,0%,0%,0%,40-15-15-15
709,負電拍拍,minun,40-15-15-15,40-15-15-15,40-15-15-15,0%,0%,0%,40-15-15-15
710,赤面龍,druddigon,38.5-0-15-15,37.5-6-12-12,34-15-15-15,0%,0%,0%,34-15-15-15
711,赫拉克羅斯,heracross,30.5-0-14-13,29-9-14-14,28-15-15-15,-16%,-15%,-16%,28-15-15-15
712,走路草,oddish,40-15-15-15,40-15-15-15,40-15-15-15,0%,0%,0%,40-15-15-15
713,走路草 暗影化,oddish_shadow,40-15-15-15,40-15-15-15,40-15-15-15,0%,0%,0%,40-15-15-15
714,超夢,mewtwo,22-1-15-13,21.5-11-13-11,20.5-15-15-15,-12%,12%,-12%,21.5-11-13-11
715,超夢 暗影化,mewtwo_shadow,22-1-15-13,21.5-11-13-11,20.5-15-15-15,-55%,55%,-55%,21.5-11-13-11
716,超夢 裝甲型態,mewtwo_armored,29.5-1-15-15,29.5-5-5-13,27-15-15-15,10%,4%,10%,29.5-1-15-15
717,超甲狂犀,rhyperior,25-0-14-14,24.5-6-10-14,23-15-15-15,0%,0%,0%,23-15-15-15
718,超音波幼蟲,vibrava,40-15-15-15,40-15-15-15,40-15-15-15,0%,0%,0%,40-15-15-15
719,超音波幼蟲 暗影化,vibrava_shadow,40-15-15-15,40-15-15-15,40-15-15-15,0%,0%,0%,40-15-15-15
720,超音蝠,zubat,40-15-15-15,40-15-15-15,40-15-15-15,0%,0%,0%,40-15-15-15
721,超音蝠 暗影化,zubat_shadow,40-15-15-15,40-15-15-15,40-15-15-15,0%,0%,0%,40-15-15-15
722,路卡利歐,lucario,38.5-1-15-15,38.5-5-11-13,34.5-15-15-15,0%,0%,0%,34.5-15-15-15
723,跳跳豬,spoink,40-15-15-15,40-15-15-15,40-15-15-15,0%,0%,0%,40-15-15-15
724,車輪毬,whirlipede,40-15-15-15,40-15-15-15,40-15-15-15,0%,0%,0%,40-15-15-15
725,輕飄飄,frillish,40-15-15-15,40-15-15-15,40-15-15-15,0%,0%,0%,40-15-15-15
726,迷你冰,vanillite,40-15-15-15,40-15-15-15,40-15-15-15,0%,0%,0%,40-15-15-15
727,迷你龍,dratini,40-15-15-15,40-15-15-15,40-15-15-15,0%,0%,0%,40-15-15-15
728,迷你龍 暗影化,dratini_shadow,40-15-15-15,40-15-15-15,40-15-15-15,0%,0%,0%,40-15-15-15
729,迷唇姐,jynx,39.5-11-15-15,40-13-12-13,38.5-15-15-15,-12%,12%,-12%,40-13-12-13
730,迷唇娃,smoochum,40-15-15-15,40-15-15-15,40-15-15-15,0%,0%,0%,40-15-15-15
731,過動猿,vigoroth,40-15-15-15,40-15-15-15,40-15-15-15,0%,0%,0%,40-15-15-15
732,達克萊伊,darkrai,24-10-13-13,24-10-12-12,23-15-15-15,3%,3%,3%,24-10-13-13
733,達摩狒狒 伽勒爾普通型態,darmanitan_galarian_standard,30-0-13-15,29-5-15-14,28-15-15-15,0%,0%,0%,28-15-15-15
734,達摩狒狒 伽勒爾達摩型態,darmanitan_galarian_zen,23.5-0-15-14,23.5-7-11-10,22-15-15-15,1%,15%,1%,23.5-0-15-14
735,達摩狒狒 普通型態,darmanitan_standard,30-0-13-15,29-5-15-14,28-15-15-15,0%,0%,0%,28-15-15-15
736,達摩狒狒 達摩型態,darmanitan_zen,25-0-14-13,24-10-13-14,23-15-15-15,-15%,15%,-15%,24-10-13-14
737,遠古巨蜓,yanmega,33-1-15-15,32-8-14-10,29.5-15-15-15,0%,1%,0%,32-8-14-10
738,酋雷姆,kyurem,26-1-13-15,25.5-6-15-9,24-15-15-15,0%,9%,0%,25.5-6-15-9
739,酋雷姆 焰白型態,kyurem_white,20-1-12-15,20-7-6-13,19-15-15-15,0%,1%,0%,20-7-6-13
740,酋雷姆 闇黑型態,kyurem_black,20-1-12-15,20-7-6-13,19-15-15-15,-3%,3%,-3%,20-7-6-13
741,酷豹,liepard,40-15-15-15,40-15-15-15,40-15-15-15,0%,0%,0%,40-15-15-15
742,醜醜魚,feebas,40-15-15-15,40-15-15-15,40-15-15-15,0%,0%,0%,40-15-15-15
743,野蠻鱸魚,basculin,40-15-15-15,40-15-15-15,40-15-15-15,0%,0%,0%,40-15-15-15
744,金屬怪,metang,40-15-15-15,40-15-15-15,40-15-15-15,0%,0%,0%,40-15-15-15
745,金屬怪 暗影化,metang_shadow,40-15-15-15,40-15-15-15,40-15-15-15,0%,0%,0%,40-15-15-15
746,金魚王,seaking,40-15-15-15,40-15-15-15,40-15-15-15,0%,0%,0%,40-15-15-15
747,鈴鐺響,chingling,40-15-15-15,40-15-15-15,40-15-15-15,0%,0%,0%,40-15-15-15
748,鉗尾蠍,skorupi,40-15-15-15,40-15-15-15,40-15-15-15,0%,0%,0%,40-15-15-15
749,銅鏡怪,bronzor,40-15-15-15,40-15-15-15,40-15-15-15,0%,0%,0%,40-15-15-15
750,鐮刀盔,kabutops,39-0-14-15,38.5-5-8-14,34.5-15-15-15,-17%,-13%,-17%,34.5-15-15-15
751,鐵啞鈴,beldum,40-15-15-15,40-15-15-15,40-15-15-15,0%,0%,0%,40-15-15-15
752,鐵啞鈴 暗影化,beldum_shadow,40-15-15-15,40-15-15-15,40-15-15-15,0%,0%,0%,40-15-15-15
753,鐵掌力士,hariyama,36-1-15-15,35-7-14-8,31.5-15-15-15,7%,0%,7%,36-1-15-15
754,鐵殼蛹,kakuna,40-15-15-15,40-15-15-15,40-15-15-15,0%,0%,0%,40-15-15-15
755,鐵殼蛹 暗影化,kakuna_shadow,40-15-15-15,40-15-15-15,40-15-15-15,0%,0%,0%,40-15-15-15
756,鐵炮魚,remoraid,40-15-15-15,40-15-15-15,40-15-15-15,0%,0%,0%,40-15-15-15
757,鐵甲蛹,metapod,40-15-15-15,40-15-15-15,40-15-15-15,0%,0%,0%,40-15-15-15
758,鐵螯龍蝦,crawdaunt,40-15-15-15,40-15-15-15,40-15-15-15,0%,0%,0%,40-15-15-15
759,鐵蟻,durant,40-1-15-15,36.5-15-12-14,35.5-15-15-15,-13%,12%,-13%,36.5-15-12-14
760,鐵面忍者,ninjask,40-15-15-15,40-15-15-15,40-15-15-15,0%,0%,0%,40-15-15-15
761,鐵骨土人,gurdurr,40-15-15-15,40-15-15-15,40-15-15-15,0%,0%,0%,40-15-15-15
762,鑽角犀獸,rhydon,29.5-0-14-14,29-7-11-11,27.5-15-15-15,0%,0%,0%,27.5-15-15-15
763,長尾怪手,aipom,40-15-15-15,40-15-15-15,40-15-15-15,0%,0%,0%,40-15-15-15
764,長毛狗,stoutland,36.5-0-14-15,34-7-15-15,31.5-15-15-15,-31%,-28%,-31%,31.5-15-15-15
765,長毛豬,piloswine,40-15-15-15,40-15-15-15,40-15-15-15,0%,0%,0%,40-15-15-15
766,長翅鷗,wingull,40-15-15-15,40-15-15-15,40-15-15-15,0%,0%,0%,40-15-15-15
767,長耳兔,lopunny,40-15-15-15,40-15-15-15,40-15-15-15,0%,0%,0%,40-15-15-15
768,長鼻葉,nuzleaf,40-15-15-15,40-15-15-15,40-15-15-15,0%,0%,0%,40-15-15-15
769,長鼻葉 暗影化,nuzleaf_shadow,40-15-15-15,40-15-15-15,40-15-15-15,0%,0%,0%,40-15-15-15
770,閃電鳥,zapdos,26.5-1-12-13,26.5-6-7-10,24.5-15-15-15,-30%,30%,-30%,26.5-6-7-10
771,閃電鳥 暗影化,zapdos_shadow,26.5-1-12-13,26.5-6-7-10,24.5-15-15-15,-7%,7%,-7%,26.5-6-7-10
772,阿利多斯,ariados,40-15-15-15,40-15-15-15,40-15-15-15,0%,0%,0%,40-15-15-15
773,阿勃梭魯,absol,39.5-14-15-15,39-15-15-15,39-15-15-15,-55%,0%,-55%,39-15-15-15
774,阿勃梭魯 暗影化,absol_shadow,39.5-14-15-15,39-15-15-15,39-15-15-15,-38%,0%,-38%,39-15-15-15
775,阿柏怪,arbok,40-15-15-15,40-15-15-15,40-15-15-15,0%,0%,0%,40-15-15-15
776,阿柏怪 暗影化,arbok_shadow,40-15-15-15,40-15-15-15,40-15-15-15,0%,0%,0%,40-15-15-15
777,阿柏蛇,ekans,40-15-15-15,40-15-15-15,40-15-15-15,0%,0%,0%,40-15-15-15
778,阿柏蛇 暗影化,ekans_shadow,40-15-15-15,40-15-15-15,40-15-15-15,0%,0%,0%,40-15-15-15
779,阿爾宙斯,arceus,23.5-0-11-15,23-6-12-11,21.5-15-15-15,-17%,-14%,-17%,21.5-15-15-15
780,阿爾宙斯 冰屬性,arceus_ice,23.5-0-11-15,23-6-12-11,21.5-15-15-15,-41%,-40%,-41%,21.5-15-15-15
781,阿爾宙斯 地面屬性,arceus_ground,23.5-0-11-15,23-6-12-11,21.5-15-15-15,-41%,-40%,-41%,21.5-15-15-15
782,阿爾宙斯 妖精屬性,arceus_fairy,23.5-0-11-15,23-6-12-11,21.5-15-15-15,-21%,-19%,-21%,21.5-15-15-15
783,阿爾宙斯 岩石屬性,arceus_rock,23.5-0-11-15,23-6-12-11,21.5-15-15-15,-41%,-40%,-41%,21.5-15-15-15
784,阿爾宙斯 幽靈屬性,arceus_ghost,23.5-0-11-15,23-6-12-11,21.5-15-15-15,1%,0%,1%,23.5-0-11-15
785,阿爾宙斯 惡屬性,arceus_dark,23.5-0-11-15,23-6-12-11,21.5-15-15-15,2%,1%,2%,23.5-0-11-15
786,阿爾宙斯 格鬥屬性,arceus_fighting,23.5-0-11-15,23-6-12-11,21.5-15-15-15,-41%,-40%,-41%,21.5-15-15-15
787,阿爾宙斯 毒屬性,arceus_poison,23.5-0-11-15,23-6-12-11,21.5-15-15-15,-41%,-40%,-41%,21.5-15-15-15
788,阿爾宙斯 水屬性,arceus_water,23.5-0-11-15,23-6-12-11,21.5-15-15-15,-41%,-40%,-41%,21.5-15-15-15
789,阿爾宙斯 火屬性,arceus_fire,23.5-0-11-15,23-6-12-11,21.5-15-15-15,-41%,-40%,-41%,21.5-15-15-15
790,阿爾宙斯 草屬性,arceus_grass,23.5-0-11-15,23-6-12-11,21.5-15-15-15,-41%,-40%,-41%,21.5-15-15-15
791,阿爾宙斯 蟲屬性,arceus_bug,23.5-0-11-15,23-6-12-11,21.5-15-15-15,-41%,-40%,-41%,21.5-15-15-15
792,阿爾宙斯 超能力屬性,arceus_psychic,23.5-0-11-15,23-6-12-11,21.5-15-15-15,0%,1%,0%,23-6-12-11
793,阿爾宙斯 鋼屬性,arceus_steel,23.5-0-11-15,23-6-12-11,21.5-15-15-15,1%,0%,1%,23.5-0-11-15
794,阿爾宙斯 電屬性,arceus_electric,23.5-0-11-15,23-6-12-11,21.5-15-15-15,-41%,-40%,-41%,21.5-15-15-15
795,阿爾宙斯 飛行屬性,arceus_flying,23.5-0-11-15,23-6-12-11,21.5-15-15-15,-41%,-40%,-41%,21.5-15-15-15
796,阿爾宙斯 龍屬性,arceus_dragon,23.5-0-11-15,23-6-12-11,21.5-15-15-15,-41%,-40%,-41%,21.5-15-15-15
797,隆隆岩,golem,33.5-0-15-15,32.5-5-11-14,29.5-15-15-15,-13%,-10%,-13%,29.5-15-15-15
798,隆隆岩 阿羅拉型態,golem_alolan,33.5-0-15-15,32.5-5-11-14,29.5-15-15-15,-57%,51%,-57%,32.5-5-11-14
799,隆隆石,graveler,40-15-15-15,40-15-15-15,40-15-15-15,0%,0%,0%,40-15-15-15
800,隆隆石 阿羅拉型態,graveler_alolan,40-15-15-15,40-15-15-15,40-15-15-15,0%,0%,0%,40-15-15-15
801,隨風球,drifblim,40-15-15-15,40-15-15-15,40-15-15-15,0%,0%,0%,40-15-15-15
802,雙倍多多冰,vanilluxe,37-0-15-11,34.5-8-11-15,32-15-15-15,-6%,-4%,-6%,32-15-15-15
803,雙刃丸,dewott,40-15-15-15,40-15-15-15,40-15-15-15,0%,0%,0%,40-15-15-15
804,雙卵細胞球,duosion,40-15-15-15,40-15-15-15,40-15-15-15,0%,0%,0%,40-15-15-15
805,雙尾怪手,ambipom,40-15-15-15,40-15-15-15,40-15-15-15,0%,0%,0%,40-15-15-15
806,雙彈瓦斯,weezing,40-15-15-15,40-15-15-15,40-15-15-15,0%,0%,0%,40-15-15-15
807,雙彈瓦斯 伽勒爾型態,weezing_galarian,40-15-15-15,40-15-15-15,40-15-15-15,0%,0%,0%,40-15-15-15
808,雙彈瓦斯 暗影化,weezing_shadow,40-15-15-15,40-15-15-15,40-15-15-15,0%,0%,0%,40-15-15-15
809,雙斧戰龍,haxorus,25.5-1-15-15,25.5-8-11-10,24-15-15-15,0%,0%,0%,24-15-15-15
810,雙首暴龍,zweilous,40-15-15-15,40-15-15-15,40-15-15-15,0%,0%,0%,40-15-15-15
811,雨翅蛾,masquerain,40-15-15-15,40-15-15-15,40-15-15-15,0%,0%,0%,40-15-15-15
812,雪妖女,froslass,40-15-15-15,40-15-15-15,40-15-15-15,0%,0%,0%,40-15-15-15
813,雪童子,snorunt,40-15-15-15,40-15-15-15,40-15-15-15,0%,0%,0%,40-15-15-15
814,雪笠怪,snover,40-15-15-15,40-15-15-15,40-15-15-15,0%,0%,0%,40-15-15-15
815,雪笠怪 暗影化,snover_shadow,40-15-15-15,40-15-15-15,40-15-15-15,0%,0%,0%,40-15-15-15
816,雷丘,raichu,40-15-15-15,40-15-15-15,40-15-15-15,0%,0%,0%,40-15-15-15
817,雷丘 阿羅拉型態,raichu_alolan,40-15-15-15,40-15-15-15,40-15-15-15,0%,0%,0%,40-15-15-15
818,雷伊布,jolteon,34.5-0-15-15,34.5-5-7-14,30.5-15-15-15,-10%,-6%,-10%,30.5-15-15-15
819,雷公,raikou,27-1-15-12,26-10-13-14,25-15-15-15,-41%,-36%,-41%,25-15-15-15
820,雷公 暗影化,raikou_shadow,27-1-15-12,26-10-13-14,25-15-15-15,-19%,-11%,-19%,25-15-15-15
821,雷吉奇卡斯,regigigas,21-2-15-15,21-8-11-10,20-15-15-15,0%,0%,0%,20-15-15-15
822,雷吉斯奇魯,registeel,40-15-15-15,40-15-15-15,40-15-15-15,0%,0%,0%,40-15-15-15
823,雷吉洛克,regirock,30.5-1-14-15,30-5-15-8,28-15-15-15,-8%,-6%,-8%,28-15-15-15
824,雷吉艾斯,regice,30.5-1-14-15,30-5-15-8,28-15-15-15,3%,-31%,3%,30.5-1-14-15
825,雷電斑馬,zebstrika,40-15-15-15,40-15-15-15,40-15-15-15,0%,0%,0%,40-15-15-15
826,雷電獸,manectric,40-15-15-15,40-15-15-15,40-15-15-15,0%,0%,0%,40-15-15-15
827,雷電雲 化身型態,thundurus_incarnate,27.5-1-15-15,27-7-15-12,26-15-15-15,-49%,-49%,-49%,26-15-15-15
828,雷電雲 靈獸型態,thundurus_therian,25-1-15-15,25-5-13-11,23.5-15-15-15,-56%,-45%,-56%,23.5-15-15-15
829,電擊怪,elekid,40-15-15-15,40-15-15-15,40-15-15-15,0%,0%,0%,40-15-15-15
830,電擊獸,electabuzz,40-15-15-15,40-15-15-15,40-15-15-15,0%,0%,0%,40-15-15-15
831,電擊獸 暗影化,electabuzz_shadow,40-15-15-15,40-15-15-15,40-15-15-15,0%,0%,0%,40-15-15-15
832,電擊魔獸,electivire,30-1-15-15,29.5-8-14-11,28-15-15-15,-23%,-21%,-23%,28-15-15-15
833,電擊魔獸 暗影化,electivire_shadow,30-1-15-15,29.5-8-14-11,28-15-15-15,-68%,-58%,-68%,28-15-15-15
834,電燈怪,lanturn,40-15-15-15,40-15-15-15,40-15-15-15,0%,0%,0%,40-15-15-15
835,電蜘蛛,galvantula,40-15-15-15,40-15-15-15,40-15-15-15,0%,0%,0%,40-15-15-15
836,電螢蟲,volbeat,40-15-15-15,40-15-15-15,40-15-15-15,0%,0%,0%,40-15-15-15
837,電電蟲,joltik,40-15-15-15,40-15-15-15,40-15-15-15,0%,0%,0%,40-15-15-15
838,電飛鼠,emolga,40-15-15-15,40-15-15-15,40-15-15-15,0%,0%,0%,40-15-15-15
839,電龍,ampharos,36-0-13-15,34-7-12-15,31-15-15-15,-38%,-29%,-38%,31-15-15-15
840,電龍 暗影化,ampharos_shadow,36-0-13-15,34-7-12-15,31-15-15-15,-17%,-9%,-17%,31-15-15-15
841,霏歐納,phione,40-15-15-15,40-15-15-15,40-15-15-15,0%,0%,0%,40-15-15-15
842,霓虹魚,lumineon,40-15-15-15,40-15-15-15,40-15-15-15,0%,0%,0%,40-15-15-15
843,露力麗,azurill,40-15-15-15,40-15-15-15,40-15-15-15,0%,0%,0%,40-15-15-15
844,霸王花,vileplume,40-10-15-15,38.5-15-15-14,38-15-15-15,0%,20%,0%,38.5-15-15-14
845,霸王花 暗影化,vileplume_shadow,40-10-15-15,38.5-15-15-14,38-15-15-15,1%,1%,1%,40-10-15-15
846,霹靂電球,voltorb,40-15-15-15,40-15-15-15,40-15-15-15,0%,0%,0%,40-15-15-15
847,青綿鳥,swablu,40-15-15-15,40-15-15-15,40-15-15-15,0%,0%,0%,40-15-15-15
848,青藤蛇,servine,40-15-15-15,40-15-15-15,40-15-15-15,0%,0%,0%,40-15-15-15
849,青銅鐘,bronzong,40-15-15-15,40-15-15-15,40-15-15-15,0%,0%,0%,40-15-15-15
850,音箱蟀,kricketune,40-15-15-15,40-15-15-15,40-15-15-15,0%,0%,0%,40-15-15-15
851,頑皮雷彈,electrode,40-15-15-15,40-15-15-15,40-15-15-15,0%,0%,0%,40-15-15-15
852,頓甲,donphan,32-0-15-15,31.5-5-11-13,29-15-15-15,-2%,0%,-2%,29-15-15-15
853,頭巾混混,scrafty,40-15-15-15,40-15-15-15,40-15-15-15,0%,0%,0%,40-15-15-15
854,頭蓋龍,cranidos,40-15-15-15,40-15-15-15,40-15-15-15,0%,0%,0%,40-15-15-15
855,風妖精,whimsicott,40-15-15-15,40-15-15-15,40-15-15-15,0%,0%,0%,40-15-15-15
856,風速狗,arcanine,31.5-0-15-15,30.5-7-14-10,28.5-15-15-15,-18%,-16%,-18%,28.5-15-15-15
857,風速狗 暗影化,arcanine_shadow,31.5-0-15-15,30.5-7-14-10,28.5-15-15-15,-57%,-50%,-57%,28.5-15-15-15
858,風鈴鈴,chimecho,40-15-15-15,40-15-15-15,40-15-15-15,0%,0%,0%,40-15-15-15
859,飄浮泡泡,castform,40-15-15-15,40-15-15-15,40-15-15-15,0%,0%,0%,40-15-15-15
860,飄浮泡泡 晴天型態,castform_sunny,40-15-15-15,40-15-15-15,40-15-15-15,0%,0%,0%,40-15-15-15
861,飄浮泡泡 雨天型態,castform_rainy,40-15-15-15,40-15-15-15,40-15-15-15,0%,0%,0%,40-15-15-15
862,飄浮泡泡 雪型態,castform_snowy,40-15-15-15,40-15-15-15,40-15-15-15,0%,0%,0%,40-15-15-15
863,飄飄球,drifloon,40-15-15-15,40-15-15-15,40-15-15-15,0%,0%,0%,40-15-15-15
864,飛天螳螂,scyther,39.5-0-13-15,37.5-5-15-13,34.5-15-15-15,-22%,-20%,-22%,34.5-15-15-15
865,飛天螳螂 暗影化,scyther_shadow,39.5-0-13-15,37.5-5-15-13,34.5-15-15-15,-10%,-8%,-10%,34.5-15-15-15
866,飛腿郎,hitmonlee,40-7-15-15,38.5-12-15-15,37.5-15-15-15,2%,8%,2%,40-7-15-15
867,飛腿郎 暗影化,hitmonlee_shadow,40-7-15-15,38.5-12-15-15,37.5-15-15-15,2%,11%,2%,40-7-15-15
868,食夢夢,munna,40-15-15-15,40-15-15-15,40-15-15-15,0%,0%,0%,40-15-15-15
869,飯匙蛇,seviper,40-15-15-15,40-15-15-15,40-15-15-15,0%,0%,0%,40-15-15-15
870,駒刀小兵,pawniard,40-15-15-15,40-15-15-15,40-15-15-15,0%,0%,0%,40-15-15-15
871,騎士蝸牛,escavalier,34.5-1-15-14,34-5-10-14,30.5-15-15-15,-13%,0%,-13%,30.5-15-15-15
872,騎拉帝納 別種型態,giratina_altered,28-1-12-15,27.5-7-10-9,25.5-15-15-15,-13%,-10%,-13%,25.5-15-15-15
873,騎拉帝納 起源型態,giratina_origin,25.5-1-12-13,24.5-7-14-15,23.5-15-15-15,-3%,-1%,-3%,23.5-15-15-15
874,驚角鹿,stantler,40-15-15-15,40-15-15-15,40-15-15-15,0%,0%,0%,40-15-15-15
875,驚角鹿 暗影化,stantler_shadow,40-15-15-15,40-15-15-15,40-15-15-15,0%,0%,0%,40-15-15-15
876,高傲雉雞,unfezant,38-2-15-13,37.5-5-15-9,34-15-15-15,-1%,0%,-1%,34-15-15-15
877,鬼斯,gastly,40-15-15-15,40-15-15-15,40-15-15-15,0%,0%,0%,40-15-15-15
878,鬼斯通,haunter,40-15-15-15,40-15-15-15,40-15-15-15,0%,0%,0%,40-15-15-15
879,魅力喵,glameow,40-15-15-15,40-15-15-15,40-15-15-15,0%,0%,0%,40-15-15-15
880,魔尼尼,mime_jr,40-15-15-15,40-15-15-15,40-15-15-15,0%,0%,0%,40-15-15-15
881,魔牆人偶,mr_mime,40-15-15-15,40-15-15-15,40-15-15-15,0%,0%,0%,40-15-15-15
882,鯉魚王,magikarp,40-15-15-15,40-15-15-15,40-15-15-15,0%,0%,0%,40-15-15-15
883,鯉魚王 暗影化,magikarp_shadow,40-15-15-15,40-15-15-15,40-15-15-15,0%,0%,0%,40-15-15-15
884,鯰魚王,whiscash,40-15-15-15,40-15-15-15,40-15-15-15,0%,0%,0%,40-15-15-15
885,鳳王,ho_oh,24-1-15-14,23.5-6-11-15,22.5-15-15-15,-34%,-20%,-34%,22.5-15-15-15
886,鴨嘴寶寶,magby,40-15-15-15,40-15-15-15,40-15-15-15,0%,0%,0%,40-15-15-15
887,鴨嘴火獸,magmar,40-15-15-15,40-15-15-15,40-15-15-15,0%,0%,0%,40-15-15-15
888,鴨嘴火獸 暗影化,magmar_shadow,40-15-15-15,40-15-15-15,40-15-15-15,0%,0%,0%,40-15-15-15
889,鴨嘴炎獸,magmortar,29.5-1-15-15,29.5-5-14-8,27.5-15-15-15,-12%,11%,-12%,29.5-5-14-8
890,鴨嘴炎獸 暗影化,magmortar_shadow,29.5-1-15-15,29.5-5-14-8,27.5-15-15-15,-26%,-26%,-26%,27.5-15-15-15
891,鴨寶寶,ducklett,40-15-15-15,40-15-15-15,40-15-15-15,0%,0%,0%,40-15-15-15
892,麒麟奇,girafarig,40-15-15-15,40-15-15-15,40-15-15-15,0%,0%,0%,40-15-15-15
893,麻麻小魚,tynamo,40-15-15-15,40-15-15-15,40-15-15-15,0%,0%,0%,40-15-15-15
894,麻麻鰻,eelektrik,40-15-15-15,40-15-15-15,40-15-15-15,0%,0%,0%,40-15-15-15
895,麻麻鰻魚王,eelektross,38-2-15-14,36-8-15-14,34-15-15-15,-25%,-23%,-25%,34-15-15-15
896,黑夜魔靈,dusknoir,40-15-15-15,40-15-15-15,40-15-15-15,0%,0%,0%,40-15-15-15
897,黑夜魔靈 暗影化,dusknoir_shadow,40-15-15-15,40-15-15-15,40-15-15-15,0%,0%,0%,40-15-15-15
898,黑暗鴉,murkrow,40-15-15-15,40-15-15-15,40-15-15-15,0%,0%,0%,40-15-15-15
899,黑眼鱷,sandile,40-15-15-15,40-15-15-15,40-15-15-15,0%,0%,0%,40-15-15-15
900,黑魯加,houndoom,40-3-15-14,38-12-12-13,36-15-15-15,-28%,27%,-28%,38-12-12-13
901,黑魯加 (Mega),houndoom_mega,24-0-14-15,23.5-9-15-9,22.5-15-15-15,-14%,13%,-14%,23.5-9-15-9
902,黑魯加 暗影化,houndoom_shadow,40-3-15-14,38-12-12-13,36-15-15-15,-3%,51%,-3%,38-12-12-13
903,齒輪兒,klink,40-15-15-15,40-15-15-15,40-15-15-15,0%,0%,0%,40-15-15-15
904,齒輪怪,klinklang,40-4-14-15,37-14-14-14,36-15-15-15,1%,1%,1%,40-4-14-15
905,齒輪組,klang,40-15-15-15,40-15-15-15,40-15-15-15,0%,0%,0%,40-15-15-15
906,龍捲雲 化身型態,tornadus_incarnate,27.5-1-15-15,27-7-15-12,26-15-15-15,0%,0%,0%,26-15-15-15
907,龍捲雲 靈獸型態,tornadus_therian,29-1-12-15,28.5-7-13-10,27-15-15-15,0%,0%,0%,27-15-15-15
908,龍王蠍,drapion,40-15-15-15,40-15-15-15,40-15-15-15,0%,0%,0%,40-15-15-15
909,龍蝦小兵,corphish,40-15-15-15,40-15-15-15,40-15-15-15,0%,0%,0%,40-15-15-15
910,龍頭地鼠,excadrill,28.5-0-15-15,27.5-11-13-15,26.5-15-15-15,17%,0%,17%,28.5-0-15-15
911,龐岩怪,gigalith,29-0-13-15,29-5-6-13,27-15-15-15,0%,0%,0%,27-15-15-15